timestamp_iso,ensemble_score,adaptive_threshold,is_anomaly
2026-05-08T17:11:53.439836Z,85.223,88.892,False
2026-05-08T17:11:55.498219Z,85.167,88.89,False
2026-05-08T17:11:57.563676Z,86.459,88.888,False
2026-05-08T17:11:59.630358Z,83.498,88.886,False
2026-05-08T17:12:01.695843Z,84.923,88.871,False
2026-05-08T17:12:33.206727Z,76.677,20.647,True
2026-05-08T17:12:35.235565Z,79.21,20.647,True
2026-05-08T17:12:37.300350Z,77.372,20.647,True
2026-05-08T17:12:39.356982Z,77.417,20.647,True
2026-05-08T17:12:41.422419Z,81.628,20.647,True
2026-05-08T17:12:43.488087Z,82.736,20.647,True
2026-05-08T17:12:45.550074Z,81.378,20.647,True
2026-05-08T17:12:47.614792Z,68.018,20.647,True
2026-05-08T17:12:49.681555Z,70.779,20.647,True
2026-05-08T17:12:51.751956Z,85.7,20.647,True
2026-05-08T17:12:53.814721Z,82.968,20.647,True
2026-05-08T17:12:55.886620Z,82.074,20.647,True
2026-05-08T17:12:57.949494Z,85.981,20.647,True
2026-05-08T17:13:00.013376Z,86.453,20.647,True
2026-05-08T17:13:02.078965Z,84.015,20.647,True
2026-05-08T17:13:04.202552Z,83.375,20.647,True
2026-05-08T17:13:06.221695Z,86.349,20.647,True
2026-05-08T17:13:08.283950Z,86.76,20.647,True
2026-05-08T17:13:10.346710Z,84.741,20.647,True
2026-05-08T17:13:12.410317Z,84.128,20.647,True
2026-05-08T17:13:14.472057Z,70.054,20.647,True
2026-05-08T17:13:16.540556Z,68.763,20.647,True
2026-05-08T17:13:18.603723Z,85.145,20.647,True
2026-05-08T17:13:20.664713Z,84.56,20.647,True
2026-05-08T17:13:22.741120Z,87.063,20.647,True
2026-05-08T17:13:24.805263Z,87.732,20.647,True
2026-05-08T17:13:26.873128Z,85.124,20.647,True
2026-05-08T17:13:28.939811Z,85.01,20.647,True
2026-05-08T17:13:31.008201Z,87.357,20.647,True
2026-05-08T17:13:33.084913Z,88.166,20.647,True
2026-05-08T17:13:35.118560Z,85.929,20.647,True
2026-05-08T17:13:37.185676Z,85.787,20.647,True
2026-05-08T17:13:39.245800Z,88.36,20.647,True
2026-05-08T17:13:41.296872Z,66.764,20.647,True
2026-05-08T17:13:43.365853Z,63.333,20.647,True
2026-05-08T17:13:45.430443Z,86.709,20.647,True
2026-05-08T17:13:47.490540Z,88.36,20.647,True
2026-05-08T17:13:49.564862Z,89.177,20.647,True
2026-05-08T17:13:51.635136Z,81.509,20.647,True
2026-05-08T17:13:53.702677Z,84.08,20.647,True
2026-05-08T17:13:55.766457Z,85.113,20.647,True
2026-05-08T17:13:57.830851Z,85.207,20.647,True
2026-05-08T17:13:59.905598Z,85.297,20.647,True
2026-05-08T17:14:01.972093Z,86.702,20.647,True
2026-05-08T17:14:04.040943Z,83.935,20.647,True
2026-05-08T17:14:06.095023Z,84.865,20.647,True
2026-05-08T17:14:08.156494Z,85.176,20.647,True
2026-05-08T17:14:10.222245Z,85.296,20.647,True
2026-05-08T17:14:12.281740Z,86.765,20.647,True
2026-05-08T17:14:14.344533Z,83.879,20.647,True
2026-05-08T17:14:16.406875Z,85.428,20.647,True
2026-05-08T17:14:18.471698Z,85.741,20.647,True
2026-05-08T17:14:20.535873Z,85.957,20.647,True
2026-05-08T17:14:22.628093Z,87.206,20.647,True
2026-05-08T17:14:24.687340Z,67.377,20.647,True
2026-05-08T17:14:26.748022Z,85.087,20.647,True
2026-05-08T17:14:28.816970Z,86.695,20.647,True
2026-05-08T17:14:30.880230Z,87.746,20.647,True
2026-05-08T17:14:32.955671Z,85.645,20.647,True
2026-05-08T17:14:35.014800Z,84.928,88.176,False
2026-05-08T17:14:37.074156Z,87.021,88.166,False
2026-05-08T17:14:39.140850Z,88.172,88.172,True
2026-05-08T17:14:41.201478Z,85.691,88.172,False
2026-05-08T17:14:43.273351Z,84.989,88.171,False
2026-05-08T17:14:45.326945Z,86.502,88.171,False
2026-05-08T17:14:47.391424Z,86.694,88.171,False
2026-05-08T17:14:49.451929Z,84.724,88.171,False
2026-05-08T17:14:51.512943Z,62.972,88.17,False
2026-05-08T17:14:53.571072Z,66.33,88.17,False
2026-05-08T17:14:55.635559Z,88.228,88.203,True
2026-05-08T17:14:57.699461Z,86.7,88.2,False
2026-05-08T17:14:59.762025Z,86.333,88.197,False
2026-05-08T17:15:01.832634Z,89.029,88.28,True
2026-05-08T17:15:03.913019Z,89.516,88.36,True
2026-05-08T17:15:05.970213Z,87.45,88.36,False
2026-05-08T17:15:08.033792Z,86.705,88.36,False
2026-05-08T17:15:10.097774Z,88.825,88.453,True
2026-05-08T17:15:12.160084Z,89.246,88.855,True
2026-05-08T17:15:14.218230Z,87.45,88.845,False
2026-05-08T17:15:16.321321Z,86.705,88.835,False
2026-05-08T17:15:18.341402Z,63.931,88.825,False
2026-05-08T17:15:20.403128Z,65.105,88.801,False
2026-05-08T17:15:22.484221Z,87.45,88.778,False
2026-05-08T17:15:24.571420Z,86.705,88.755,False
2026-05-08T17:15:26.621825Z,88.954,88.928,True
2026-05-08T17:15:28.687421Z,89.186,89.01,True
2026-05-08T17:15:30.751573Z,87.248,89.006,False
2026-05-08T17:15:32.857226Z,86.505,89.003,False
2026-05-08T17:15:35.087708Z,88.765,88.999,False
2026-05-08T17:15:36.961400Z,89.154,89.097,True
2026-05-08T17:15:39.017515Z,87.248,89.091,False
2026-05-08T17:15:41.079909Z,86.505,89.085,False
2026-05-08T17:15:43.142331Z,88.507,89.079,False
2026-05-08T17:15:45.203329Z,68.692,89.072,False
2026-05-08T17:15:47.448455Z,65.45,89.066,False
2026-05-08T17:15:49.311716Z,86.287,89.06,False
2026-05-08T17:15:51.383056Z,88.116,89.054,False
2026-05-08T17:15:53.444057Z,88.927,89.047,False
2026-05-08T17:15:55.512763Z,80.887,89.041,False
2026-05-08T17:15:57.583414Z,83.964,89.035,False
2026-05-08T17:15:59.655067Z,85.193,89.029,False
2026-05-08T17:16:01.717664Z,85.318,89.025,False
2026-05-08T17:16:03.783193Z,85.204,89.021,False
2026-05-08T17:16:05.851983Z,86.236,89.017,False
2026-05-08T17:16:07.914527Z,83.673,89.014,False
2026-05-08T17:16:09.976736Z,84.867,89.01,False
2026-05-08T17:16:12.041406Z,85.085,89.006,False
2026-05-08T17:16:14.102989Z,85.308,89.003,False
2026-05-08T17:16:16.174336Z,86.618,88.999,False
2026-05-08T17:16:18.248907Z,84.037,88.995,False
2026-05-08T17:16:20.323863Z,84.453,88.991,False
2026-05-08T17:16:22.386870Z,85.438,88.988,False
2026-05-08T17:16:24.465538Z,85.691,88.984,False
2026-05-08T17:16:26.509232Z,86.844,88.98,False
2026-05-08T17:16:28.567706Z,67.105,88.977,False
2026-05-08T17:16:30.628697Z,84.237,88.973,False
2026-05-08T17:16:32.693783Z,86.367,88.969,False
2026-05-08T17:16:34.754456Z,87.382,88.965,False
2026-05-08T17:16:36.822823Z,84.925,88.962,False
2026-05-08T17:16:40.546661Z,84.245,88.958,False
2026-05-08T17:16:40.951805Z,86.553,88.954,False
2026-05-08T17:16:43.013986Z,87.571,88.953,False
2026-05-08T17:16:45.104902Z,85.303,88.951,False
2026-05-08T17:16:47.151910Z,84.131,88.95,False
2026-05-08T17:16:49.564716Z,86.006,88.949,False
2026-05-08T17:16:51.497101Z,86.676,88.947,False
2026-05-08T17:16:53.515457Z,83.39,88.946,False
2026-05-08T17:16:55.580307Z,60.716,88.945,False
2026-05-08T17:16:57.647235Z,64.131,88.943,False
2026-05-08T17:16:59.709469Z,86.783,88.942,False
2026-05-08T17:17:01.811824Z,85.169,88.94,False
2026-05-08T17:17:03.846760Z,84.528,88.939,False
2026-05-08T17:17:05.928044Z,87.842,88.938,False
2026-05-08T17:17:07.995029Z,88.457,88.936,False
2026-05-08T17:17:10.065194Z,86.251,88.935,False
2026-05-08T17:17:12.337001Z,85.295,88.934,False
2026-05-08T17:17:14.305963Z,87.906,88.932,False
2026-05-08T17:17:16.371556Z,88.457,88.931,False
2026-05-08T17:17:18.446347Z,86.251,88.929,False
2026-05-08T17:17:20.514066Z,85.295,88.928,False
2026-05-08T17:17:22.601221Z,62.92,88.927,False
2026-05-08T17:17:24.657477Z,64.635,88.922,False
2026-05-08T17:17:26.734632Z,86.251,88.916,False
2026-05-08T17:17:29.145798Z,85.295,88.911,False
2026-05-08T17:17:30.903023Z,87.906,88.906,False
2026-05-08T17:17:32.997172Z,88.457,88.901,False
2026-05-08T17:17:35.171754Z,86.251,88.896,False
2026-05-08T17:17:37.179992Z,85.295,88.891,False
2026-05-08T17:17:39.242509Z,87.778,88.886,False
2026-05-08T17:17:41.309138Z,88.425,88.881,False
2026-05-08T17:17:43.375060Z,86.251,88.876,False
2026-05-08T17:17:45.452344Z,85.295,88.871,False
2026-05-08T17:17:47.521341Z,87.513,88.866,False
2026-05-08T17:17:49.574485Z,67.516,88.86,False
2026-05-08T17:17:51.687186Z,63.907,88.855,False
2026-05-08T17:17:53.733377Z,85.248,88.85,False
2026-05-08T17:17:55.808330Z,87.778,88.845,False
2026-05-08T17:17:57.862520Z,88.425,88.84,False
2026-05-08T17:18:00.047273Z,77.76,88.835,False
2026-05-08T17:18:02.072920Z,83.059,88.83,False
2026-05-08T17:18:04.143260Z,84.659,88.825,False
2026-05-08T17:18:06.269355Z,84.657,88.822,False
2026-05-08T17:18:08.328830Z,84.959,88.819,False
2026-05-08T17:18:10.393502Z,85.696,88.816,False
2026-05-08T17:18:12.505940Z,82.894,88.813,False
2026-05-08T17:18:14.550350Z,84.205,88.81,False
2026-05-08T17:18:16.615415Z,84.592,88.807,False
2026-05-08T17:18:18.727642Z,84.852,88.804,False
2026-05-08T17:18:20.744344Z,86.092,88.801,False
2026-05-08T17:18:22.822920Z,83.01,88.798,False
2026-05-08T17:18:24.914398Z,84.38,88.795,False
2026-05-08T17:18:26.966266Z,84.875,88.792,False
2026-05-08T17:18:29.138773Z,85.302,88.789,False
2026-05-08T17:18:31.197299Z,86.199,88.786,False
2026-05-08T17:18:33.293039Z,64.984,88.783,False
2026-05-08T17:18:35.334843Z,84.332,88.78,False
2026-05-08T17:18:37.470715Z,85.694,88.777,False
2026-05-08T17:18:39.557027Z,86.639,88.774,False
2026-05-08T17:18:41.620704Z,83.805,88.771,False
2026-05-08T17:18:43.696518Z,83.719,88.768,False
2026-05-08T17:18:45.775141Z,85.762,88.765,False
2026-05-08T17:18:47.832334Z,86.423,88.752,False
2026-05-08T17:18:49.966656Z,83.467,88.739,False
2026-05-08T17:18:52.323287Z,82.588,88.726,False
2026-05-08T17:18:54.691487Z,84.326,88.713,False
2026-05-08T17:18:56.381944Z,85.191,88.7,False
2026-05-08T17:18:58.463152Z,83.247,88.687,False
2026-05-08T17:19:00.525276Z,61.571,88.674,False
2026-05-08T17:19:02.592964Z,63.72,88.662,False
2026-05-08T17:19:04.849629Z,87.503,88.649,False
2026-05-08T17:19:06.792594Z,85.132,88.636,False
2026-05-08T17:19:08.922615Z,85.403,88.623,False
2026-05-08T17:19:11.030767Z,86.946,88.61,False
2026-05-08T17:19:13.095019Z,88.071,88.597,False
2026-05-08T17:19:15.182163Z,85.448,88.584,False
2026-05-08T17:19:17.254373Z,85.355,88.571,False
2026-05-08T17:19:19.406186Z,87.05,88.558,False
2026-05-08T17:19:21.516958Z,87.989,88.545,False
2026-05-08T17:19:24.050940Z,85.337,88.532,False
2026-05-08T17:19:30.568722Z,85.724,88.519,False
2026-05-08T17:19:31.635957Z,61.768,88.519,False
2026-05-08T17:19:33.054706Z,63.844,88.519,False
2026-05-08T17:19:33.926311Z,85.271,88.519,False
2026-05-08T17:19:35.137804Z,85.724,88.519,False
2026-05-08T17:19:37.224740Z,87.05,88.519,False
2026-05-08T17:19:39.493574Z,87.989,88.519,False
2026-05-08T17:19:41.387717Z,85.067,88.519,False
2026-05-08T17:19:43.470879Z,85.943,88.519,False
2026-05-08T17:19:45.531825Z,87.05,88.519,False
2026-05-08T17:19:47.600099Z,87.893,88.519,False
2026-05-08T17:19:50.571895Z,85.067,88.519,False
2026-05-08T17:19:52.145995Z,85.724,88.519,False
2026-05-08T17:19:54.212246Z,87.05,88.519,False
2026-05-08T17:19:56.298913Z,66.3,88.519,False
2026-05-08T17:19:58.381001Z,62.679,88.519,False
2026-05-08T17:20:00.776273Z,85.88,88.519,False
2026-05-08T17:20:02.585469Z,87.05,88.519,False
2026-05-08T17:20:04.647305Z,87.701,88.519,False
2026-05-08T17:20:06.754263Z,76.788,88.519,False
2026-05-08T17:20:09.339238Z,84.004,88.519,False
2026-05-08T17:20:14.649825Z,84.288,88.519,False
2026-05-08T17:20:14.768932Z,84.412,88.519,False
2026-05-08T17:20:15.139949Z,84.798,88.519,False
2026-05-08T17:20:17.209989Z,85.371,88.519,False
2026-05-08T17:20:19.301143Z,82.886,88.519,False
2026-05-08T17:20:21.388082Z,84.298,88.519,False
2026-05-08T17:20:23.541347Z,84.391,88.519,False
2026-05-08T17:20:25.863015Z,84.736,88.519,False
2026-05-08T17:20:27.757702Z,85.658,88.519,False
2026-05-08T17:20:31.704862Z,82.893,88.519,False
2026-05-08T17:20:33.152805Z,84.618,88.519,False
2026-05-08T17:20:34.845947Z,84.711,88.519,False
2026-05-08T17:20:36.343657Z,84.83,88.519,False
2026-05-08T17:20:38.408080Z,85.715,88.519,False
2026-05-08T17:20:40.477044Z,64.766,88.519,False
2026-05-08T17:20:42.552134Z,84.268,88.519,False
2026-05-08T17:20:44.602288Z,85.112,88.519,False
2026-05-08T17:20:46.687199Z,86.25,88.46,False
2026-05-08T17:20:48.913982Z,83.047,88.46,False
2026-05-08T17:20:50.818311Z,84.351,88.46,False
2026-05-08T17:34:44.772281Z,67.783,20.647,True
2026-05-08T17:34:44.819401Z,81.278,20.647,True
2026-05-08T17:34:44.864184Z,78.142,20.647,True
2026-05-08T17:34:44.903039Z,79.435,20.647,True
2026-05-08T17:34:44.941297Z,81.842,20.647,True
2026-05-08T17:34:46.440008Z,83.47,20.647,True
2026-05-08T17:34:48.499192Z,79.725,20.647,True
2026-05-08T17:34:50.562259Z,81.704,20.647,True
2026-05-08T17:34:52.626791Z,84.038,20.647,True
2026-05-08T17:34:54.680354Z,85.588,20.647,True
2026-05-08T17:34:56.747225Z,81.548,20.647,True
2026-05-08T17:34:58.808996Z,83.323,20.647,True
2026-05-08T17:35:00.870423Z,70.635,20.647,True
2026-05-08T17:35:02.940213Z,72.538,20.647,True
2026-05-08T17:35:04.997824Z,82.843,20.647,True
2026-05-08T17:35:07.341059Z,84.281,20.647,True
2026-05-08T17:35:09.128684Z,85.847,20.647,True
2026-05-08T17:35:11.190192Z,86.866,20.647,True
2026-05-08T17:35:13.249847Z,83.369,20.647,True
2026-05-08T17:35:15.377139Z,84.281,20.647,True
2026-05-08T17:35:17.376523Z,86.73,20.647,True
2026-05-08T17:35:19.439835Z,87.215,20.647,True
2026-05-08T17:35:21.500242Z,84.031,20.647,True
2026-05-08T17:35:23.558488Z,85.229,20.647,True
2026-05-08T17:35:25.618577Z,87.047,20.647,True
2026-05-08T17:35:27.677948Z,69.213,20.647,True
2026-05-08T17:35:29.738881Z,66.335,20.647,True
2026-05-08T17:35:31.800933Z,85.614,20.647,True
2026-05-08T17:35:33.871555Z,87.181,20.647,True
2026-05-08T17:35:35.923040Z,88.031,20.647,True
2026-05-08T17:35:37.981332Z,80.949,20.647,True
2026-05-08T17:35:40.043455Z,84.824,20.647,True
2026-05-08T17:35:42.103357Z,85.135,20.647,True
2026-05-08T17:35:44.165032Z,85.135,20.647,True
2026-05-08T17:35:46.229373Z,85.959,20.647,True
2026-05-08T17:35:48.296398Z,86.486,20.647,True
2026-05-08T17:35:50.357484Z,83.839,20.647,True
2026-05-08T17:35:52.417413Z,84.917,20.647,True
2026-05-08T17:35:54.484859Z,85.042,20.647,True
2026-05-08T17:35:56.553069Z,85.541,20.647,True
2026-05-08T17:35:58.606806Z,86.822,20.647,True
2026-05-08T17:36:00.666103Z,83.785,20.647,True
2026-05-08T17:36:02.733341Z,85.294,20.647,True
2026-05-08T17:36:04.796270Z,85.668,20.647,True
2026-05-08T17:36:06.942805Z,86.14,20.647,True
2026-05-08T17:36:09.008704Z,87.465,20.647,True
2026-05-08T17:36:11.069965Z,67.843,20.647,True
2026-05-08T17:36:13.129965Z,85.45,20.647,True
2026-05-08T17:36:15.196078Z,86.995,20.647,True
2026-05-08T17:36:17.267161Z,88.05,20.647,True
2026-05-08T17:36:19.336499Z,85.155,20.647,True
2026-05-08T17:36:21.402737Z,84.86,20.647,True
2026-05-08T17:36:23.983251Z,87.248,20.647,True
2026-05-08T17:36:25.521658Z,88.434,20.647,True
2026-05-08T17:36:27.586697Z,85.773,20.647,True
2026-05-08T17:36:29.645632Z,85.248,20.647,True
2026-05-08T17:36:31.701271Z,86.886,20.647,True
2026-05-08T17:36:33.770857Z,87.398,20.647,True
2026-05-08T17:36:35.835390Z,84.033,20.647,True
2026-05-08T17:36:37.896104Z,62.182,87.493,False
2026-05-08T17:36:39.955213Z,64.847,87.465,False
2026-05-08T17:36:42.019227Z,88.033,88.003,True
2026-05-08T17:36:44.082059Z,85.545,87.975,False
2026-05-08T17:36:46.139782Z,86.515,87.946,False
2026-05-08T17:36:48.204565Z,88.533,88.033,True
2026-05-08T17:36:50.266798Z,89.239,88.046,True
2026-05-08T17:36:52.328582Z,86.748,88.045,False
2026-05-08T17:36:54.386715Z,87.231,88.044,False
2026-05-08T17:36:56.447865Z,88.486,88.281,True
2026-05-08T17:36:58.515371Z,89.305,88.462,True
2026-05-08T17:37:00.580212Z,86.716,88.46,False
2026-05-08T17:37:02.650407Z,86.888,88.457,False
2026-05-08T17:37:04.719881Z,63.191,88.455,False
2026-05-08T17:37:06.782002Z,65.187,88.452,False
2026-05-08T17:37:08.842004Z,87.17,88.45,False
2026-05-08T17:37:10.906370Z,86.533,88.447,False
2026-05-08T17:37:12.978909Z,88.689,88.495,True
2026-05-08T17:37:15.044250Z,89.37,88.557,True
2026-05-08T17:37:17.106666Z,86.705,88.549,False
2026-05-08T17:37:19.173530Z,87.168,88.541,False
2026-05-08T17:37:21.244020Z,90.358,88.689,True
2026-05-08T17:37:23.303791Z,90.259,89.212,True
2026-05-08T17:37:25.368590Z,88.796,89.195,False
2026-05-08T17:37:27.427105Z,88.026,89.173,False
2026-05-08T17:37:29.486503Z,89.694,89.292,True
2026-05-08T17:37:31.548468Z,69.461,89.288,False
2026-05-08T17:37:33.610122Z,66.456,89.285,False
2026-05-08T17:37:35.668954Z,85.92,89.282,False
2026-05-08T17:37:37.737403Z,88.696,89.279,False
2026-05-08T17:37:39.798357Z,89.121,89.275,False
2026-05-08T17:37:41.876646Z,81.34,89.272,False
2026-05-08T17:37:43.938319Z,83.668,89.269,False
2026-05-08T17:37:46.008623Z,84.893,89.266,False
2026-05-08T17:37:48.078077Z,85.017,89.262,False
2026-05-08T17:37:50.143923Z,85.761,89.259,False
2026-05-08T17:37:52.200266Z,86.325,89.256,False
2026-05-08T17:37:54.284372Z,83.801,89.253,False
2026-05-08T17:37:56.344069Z,84.754,89.249,False
2026-05-08T17:37:58.401204Z,84.878,89.246,False
2026-05-08T17:38:00.470676Z,85.579,89.243,False
2026-05-08T17:38:02.534049Z,86.394,89.239,False
2026-05-08T17:38:04.590480Z,83.537,89.234,False
2026-05-08T17:38:06.650192Z,84.951,89.228,False
2026-05-08T17:38:08.713751Z,85.231,89.222,False
2026-05-08T17:38:10.777965Z,85.59,89.216,False
2026-05-08T17:38:12.835931Z,86.502,89.21,False
2026-05-08T17:38:14.920527Z,66.142,89.204,False
2026-05-08T17:38:16.961005Z,84.848,89.198,False
2026-05-08T17:38:19.302178Z,85.852,89.192,False
2026-05-08T17:38:21.346062Z,87.095,89.186,False
2026-05-08T17:38:23.422984Z,84.045,89.18,False
2026-05-08T17:38:26.002556Z,84.931,89.174,False
2026-05-08T17:38:27.686111Z,86.459,89.168,False
2026-05-08T17:38:29.746987Z,87.635,89.163,False
2026-05-08T17:38:31.810817Z,84.398,89.157,False
2026-05-08T17:38:34.043591Z,85.261,89.151,False
2026-05-08T17:38:36.028577Z,86.042,89.145,False
2026-05-08T17:38:38.117979Z,86.517,89.139,False
2026-05-08T17:38:40.199594Z,82.675,89.133,False
2026-05-08T17:38:42.322575Z,60.008,89.127,False
2026-05-08T17:38:44.392995Z,62.45,89.121,False
2026-05-08T17:38:46.450461Z,86.793,89.105,False
2026-05-08T17:38:48.518441Z,84.295,89.089,False
2026-05-08T17:38:50.580005Z,85.111,89.072,False
2026-05-08T17:38:52.645356Z,87.577,89.056,False
2026-05-08T17:38:54.886355Z,88.554,89.04,False
2026-05-08T17:38:56.815052Z,85.783,89.023,False
2026-05-09T06:39:09.902980Z,74.328,20.647,True
2026-05-09T06:39:12.263635Z,76.285,20.647,True
2026-05-09T06:39:14.008089Z,81.143,20.647,True
2026-05-09T06:39:16.069109Z,83.498,20.647,True
2026-05-09T06:39:18.126654Z,80.182,20.647,True
2026-05-09T06:39:20.200985Z,78.39,20.647,True
2026-05-09T06:39:22.258030Z,69.879,20.647,True
2026-05-09T06:39:24.319932Z,85.869,20.647,True
2026-05-09T06:39:26.381690Z,82.729,20.647,True
2026-05-09T06:39:28.442328Z,82.304,20.647,True
2026-05-09T06:39:31.461143Z,85.912,20.647,True
2026-05-09T06:39:33.332355Z,86.658,20.647,True
2026-05-09T06:39:35.396094Z,83.469,20.647,True
2026-05-09T06:39:37.463331Z,83.535,20.647,True
2026-05-09T06:39:39.526478Z,86.687,20.647,True
2026-05-09T06:39:41.589201Z,87.413,20.647,True
2026-05-09T06:39:43.655682Z,84.172,20.647,True
2026-05-09T06:39:45.767651Z,83.893,20.647,True
2026-05-09T06:39:47.826169Z,71.302,20.647,True
2026-05-09T06:39:49.886356Z,70.784,20.647,True
2026-05-09T06:39:51.952656Z,84.995,20.647,True
2026-05-09T06:39:54.020008Z,85.056,20.647,True
2026-05-09T06:39:56.086291Z,87.93,20.647,True
2026-05-09T06:39:58.155842Z,88.887,20.647,True
2026-05-09T06:40:00.228318Z,85.516,20.647,True
2026-05-09T06:40:02.286405Z,85.643,20.647,True
2026-05-09T06:40:04.349513Z,88.251,20.647,True
2026-05-09T06:40:06.411636Z,89.294,20.647,True
2026-05-09T06:40:08.469083Z,86.115,20.647,True
2026-05-09T06:40:10.537541Z,86.945,20.647,True
2026-05-09T06:40:12.603271Z,88.451,20.647,True
2026-05-09T06:40:14.674306Z,67.051,20.647,True
2026-05-09T06:40:16.740705Z,64.874,20.647,True
2026-05-09T06:40:18.796588Z,87.793,20.647,True
2026-05-09T06:40:20.853989Z,89.388,20.647,True
2026-05-09T06:40:22.919301Z,90.261,20.647,True
2026-05-09T06:40:24.979592Z,83.711,20.647,True
2026-05-09T06:40:27.036355Z,84.813,20.647,True
2026-05-09T06:40:29.110791Z,85.679,20.647,True
2026-05-09T06:40:31.175974Z,85.805,20.647,True
2026-05-09T06:40:33.236940Z,87.081,20.647,True
2026-05-09T06:40:35.300323Z,88.392,20.647,True
2026-05-09T06:40:37.366685Z,84.74,20.647,True
2026-05-09T06:40:39.424683Z,85.922,20.647,True
2026-05-09T06:40:41.492505Z,85.836,20.647,True
2026-05-09T06:40:43.557563Z,87.328,20.647,True
2026-05-09T06:40:45.625398Z,88.879,20.647,True
2026-05-09T06:40:47.689162Z,85.018,20.647,True
2026-05-09T06:40:49.751122Z,86.023,20.647,True
2026-05-09T06:40:51.818192Z,85.981,20.647,True
2026-05-09T06:40:53.878249Z,87.165,20.647,True
2026-05-09T06:40:55.945133Z,88.911,20.647,True
2026-05-09T06:40:58.010077Z,70.215,20.647,True
2026-05-09T06:41:00.077698Z,85.768,20.647,True
2026-05-09T06:41:02.134327Z,87.921,20.647,True
2026-05-09T06:41:04.194865Z,89.548,20.647,True
2026-05-09T06:41:06.253277Z,85.937,20.647,True
2026-05-09T06:41:08.315514Z,85.454,20.647,True
2026-05-09T06:41:10.384518Z,88.341,20.647,True
2026-05-09T06:41:12.447162Z,90.131,89.396,True
2026-05-09T06:41:14.515097Z,86.764,89.388,False
2026-05-09T06:41:16.597647Z,85.693,89.383,False
2026-05-09T06:41:18.648258Z,88.152,89.379,False
2026-05-09T06:41:20.714946Z,89.242,89.374,False
2026-05-09T06:41:22.778923Z,84.688,89.369,False
2026-05-09T06:41:24.835279Z,64.746,89.364,False
2026-05-09T06:41:26.911499Z,66.983,89.36,False
2026-05-09T06:41:28.972578Z,88.845,89.355,False
2026-05-09T06:41:31.038267Z,86.596,89.35,False
2026-05-09T06:41:33.103606Z,86.948,89.346,False
2026-05-09T06:41:35.161571Z,89.366,89.377,False
2026-05-09T06:41:37.231787Z,90.126,89.46,True
2026-05-09T06:41:39.289242Z,87.613,89.452,False
2026-05-09T06:41:41.349097Z,87.154,89.444,False
2026-05-09T06:41:43.416994Z,89.255,89.436,False
2026-05-09T06:41:45.481016Z,90.159,89.693,True
2026-05-09T06:41:47.545030Z,87.306,89.664,False
2026-05-09T06:41:49.605101Z,87.049,89.635,False
2026-05-09T06:41:51.671905Z,64.6,89.606,False
2026-05-09T06:41:53.736809Z,65.899,89.577,False
2026-05-09T06:41:55.801493Z,87.306,89.548,False
2026-05-09T06:41:57.871188Z,86.93,89.54,False
2026-05-09T06:41:59.932626Z,89.115,89.532,False
2026-05-09T06:42:02.000545Z,89.953,89.892,True
2026-05-09T06:42:04.064838Z,87.338,89.872,False
2026-05-09T06:42:06.130617Z,86.762,89.852,False
2026-05-09T06:42:08.190420Z,89.05,89.831,False
2026-05-09T06:42:10.258611Z,89.953,89.953,True
2026-05-09T06:42:12.319292Z,87.026,89.953,False
2026-05-09T06:42:14.388708Z,87.188,89.953,False
2026-05-09T06:42:16.456907Z,89.11,89.953,False
2026-05-09T06:42:18.520406Z,69.27,89.953,False
2026-05-09T06:42:20.595650Z,66.417,89.953,False
2026-05-09T06:42:22.654609Z,86.464,89.953,False
2026-05-09T06:42:24.717744Z,89.036,89.953,False
2026-05-09T06:42:26.783098Z,89.887,89.953,False
2026-05-09T06:42:28.840862Z,82.111,89.953,False
2026-05-09T06:42:30.909954Z,84.361,89.953,False
2026-05-09T06:42:32.973840Z,85.295,89.953,False
2026-05-09T06:42:35.037841Z,85.42,89.953,False
2026-05-09T06:42:37.093834Z,86.719,89.953,False
2026-05-09T06:42:39.158070Z,88.132,89.95,False
2026-05-09T06:42:41.225193Z,84.145,89.946,False
2026-05-09T06:42:43.286220Z,85.046,89.943,False
2026-05-09T06:42:45.354549Z,85.327,89.94,False
2026-05-09T06:42:47.410737Z,86.589,89.937,False
2026-05-09T06:42:49.475274Z,88.304,89.933,False
2026-05-09T06:42:51.541868Z,84.029,89.93,False
2026-05-09T06:42:53.604820Z,85.023,89.927,False
2026-05-09T06:42:55.670795Z,85.303,89.923,False
2026-05-09T06:42:57.738178Z,86.69,89.92,False
2026-05-09T06:42:59.800871Z,88.336,89.917,False
2026-05-09T06:43:01.861798Z,68.963,89.914,False
2026-05-09T06:43:03.922798Z,84.905,89.91,False
2026-05-09T06:43:05.985200Z,87.458,89.907,False
2026-05-09T06:43:08.053834Z,88.909,89.904,False
2026-05-09T06:43:10.118402Z,84.919,89.901,False
2026-05-09T06:43:12.172066Z,84.491,89.897,False
2026-05-09T06:43:14.251516Z,87.673,89.894,False
2026-05-09T06:43:16.323989Z,89.456,89.891,False
2026-05-09T06:43:18.377195Z,85.824,89.887,False
2026-05-09T06:43:20.440362Z,85.244,89.87,False
2026-05-09T06:43:22.506654Z,87.641,89.854,False
2026-05-09T06:43:24.574432Z,88.812,89.837,False
2026-05-09T06:43:26.638643Z,84.571,89.82,False
2026-05-09T06:43:28.694656Z,63.523,89.803,False
2026-05-09T06:43:30.754241Z,65.178,89.786,False
2026-05-09T06:43:32.863098Z,88.085,89.769,False
2026-05-09T06:43:35.592890Z,85.861,89.752,False
2026-05-09T06:43:36.989068Z,85.757,89.735,False
2026-05-09T06:43:39.055206Z,88.976,89.718,False
2026-05-09T06:43:41.131887Z,89.729,89.8,False
2026-05-09T06:43:43.204595Z,86.98,89.792,False
2026-05-09T06:43:45.265485Z,86.131,89.784,False
2026-05-09T06:43:47.328615Z,88.911,89.776,False
2026-05-09T06:43:49.402345Z,89.689,89.768,False
2026-05-09T06:43:51.465636Z,86.847,89.76,False
2026-05-09T06:43:53.541732Z,86.062,89.752,False
2026-05-09T06:43:55.598837Z,64.09,89.744,False
2026-05-09T06:43:57.664054Z,65.573,89.736,False
2026-05-09T06:43:59.728988Z,86.847,89.729,False
2026-05-09T06:44:01.792114Z,86.062,89.727,False
2026-05-09T06:44:04.205917Z,88.839,89.725,False
2026-05-09T06:44:05.917836Z,89.689,89.723,False
2026-05-09T06:44:07.976497Z,86.91,89.721,False
2026-05-09T06:44:10.033546Z,86.062,89.719,False
2026-05-09T06:44:12.100155Z,88.969,89.717,False
2026-05-09T06:44:14.163300Z,89.689,89.715,False
2026-05-09T06:44:16.225088Z,86.847,89.713,False
2026-05-09T06:44:18.288797Z,86.062,89.711,False
2026-05-09T06:44:20.477658Z,88.683,89.709,False
2026-05-09T06:44:22.444420Z,69.837,89.707,False
2026-05-09T06:44:24.535302Z,66.779,89.705,False
2026-05-09T06:44:26.600509Z,88.788,89.703,False
2026-05-09T06:44:28.668116Z,90.374,89.776,True
2026-05-09T06:44:30.736737Z,90.374,89.904,True
2026-05-09T06:44:32.792602Z,82.927,89.901,False
2026-05-09T06:44:34.866738Z,86.279,89.897,False
2026-05-09T06:44:36.923377Z,83.819,89.894,False
2026-05-09T06:44:38.988076Z,84.744,89.891,False
2026-05-09T06:44:41.048931Z,87.104,89.887,False
2026-05-09T06:44:43.117654Z,88.307,89.88,False
2026-05-09T06:44:45.185009Z,84.279,89.872,False
2026-05-09T06:44:47.250584Z,84.122,89.864,False
2026-05-09T06:44:49.308131Z,84.881,89.856,False
2026-05-09T06:44:51.377399Z,86.344,89.848,False
2026-05-09T06:44:53.466182Z,88.018,89.84,False
2026-05-09T06:44:55.521682Z,83.742,89.832,False
2026-05-09T06:44:57.586349Z,84.764,89.824,False
2026-05-09T06:44:59.656779Z,84.95,89.816,False
2026-05-09T06:45:01.713058Z,86.525,89.808,False
2026-05-09T06:45:03.775795Z,87.573,89.8,False
2026-05-09T06:45:05.836422Z,67.937,89.792,False
2026-05-09T06:45:07.902299Z,84.92,89.784,False
2026-05-09T06:45:09.964173Z,86.504,89.776,False
2026-05-09T06:45:12.029333Z,88.358,89.768,False
2026-05-09T06:45:14.312121Z,84.117,89.76,False
2026-05-09T06:45:16.843575Z,85.157,89.752,False
2026-05-09T06:45:18.853327Z,86.764,89.744,False
2026-05-09T06:45:20.924319Z,88.459,89.736,False
2026-05-09T06:45:23.017577Z,84.111,89.729,False
2026-05-09T06:45:25.048943Z,84.406,89.727,False
2026-05-09T06:45:27.109414Z,85.756,89.725,False
2026-05-09T06:45:29.170392Z,87.154,89.723,False
2026-05-09T06:45:31.250622Z,83.668,89.721,False
2026-05-09T06:45:33.316647Z,63.378,89.719,False
2026-05-09T06:45:35.373598Z,65.449,89.717,False
2026-05-09T06:45:37.437358Z,89.068,89.715,False
2026-05-09T06:45:39.506864Z,86.008,89.713,False
2026-05-09T06:45:41.576553Z,86.67,89.711,False
2026-05-09T06:45:43.635750Z,88.473,89.709,False
2026-05-09T06:45:45.703413Z,89.126,89.707,False
2026-05-09T06:45:47.755455Z,85.634,89.705,False
2026-05-09T06:45:49.855326Z,86.733,89.703,False
2026-05-09T06:45:51.918323Z,88.473,89.701,False
2026-05-09T06:45:53.981757Z,89.325,89.699,False
2026-05-09T06:45:56.045391Z,85.726,89.697,False
2026-05-09T06:45:58.108694Z,86.575,89.695,False
2026-05-09T06:46:00.165462Z,63.631,89.693,False
2026-05-09T06:46:02.227276Z,65.507,89.691,False
2026-05-09T06:46:04.291775Z,85.695,89.691,False
2026-05-09T06:46:06.352619Z,86.702,89.691,False
2026-05-09T06:46:08.417525Z,88.505,89.691,False
2026-05-09T06:46:10.487587Z,89.488,89.691,False
2026-05-09T06:46:12.557715Z,86.039,89.691,False
2026-05-09T06:46:14.617433Z,86.449,89.691,False
2026-05-09T06:46:16.695900Z,88.505,89.691,False
2026-05-09T06:46:18.777626Z,89.358,89.691,False
2026-05-09T06:46:21.109007Z,85.695,89.691,False
2026-05-09T06:46:23.111609Z,86.544,89.691,False
2026-05-09T06:46:25.169978Z,88.269,89.691,False
2026-05-09T06:46:27.234975Z,68.799,89.691,False
2026-05-09T06:46:29.296186Z,65.854,89.691,False
2026-05-09T06:46:31.358634Z,86.702,89.691,False
2026-05-09T06:46:33.416667Z,88.505,89.691,False
2026-05-09T06:46:35.483646Z,89.158,89.691,False
2026-05-09T06:46:37.543560Z,79.636,89.691,False
2026-05-09T06:46:39.607210Z,85.058,89.691,False
2026-05-09T06:46:42.849742Z,85.067,89.691,False
2026-05-09T06:46:43.736059Z,85.098,89.691,False
2026-05-09T06:46:45.801461Z,86.414,89.691,False
2026-05-09T06:46:47.882727Z,87.199,89.691,False
2026-05-09T06:46:49.922042Z,84.013,89.691,False
2026-05-09T06:46:51.987371Z,84.912,89.691,False
2026-05-09T06:46:54.058841Z,85.036,89.691,False
2026-05-09T06:46:56.119550Z,86.351,89.691,False
2026-05-09T06:46:58.180517Z,87.237,89.691,False
2026-05-09T06:47:00.258886Z,83.865,89.691,False
2026-05-09T06:47:02.323723Z,84.981,89.691,False
2026-05-09T06:47:04.384714Z,85.074,89.691,False
2026-05-09T06:47:06.448587Z,86.578,89.691,False
2026-05-09T06:47:08.522560Z,87.333,89.691,False
2026-05-09T06:47:10.582818Z,68.138,89.691,False
2026-05-09T06:47:12.649046Z,85.018,89.691,False
2026-05-09T06:47:14.705781Z,86.535,89.691,False
2026-05-09T06:47:16.777902Z,88.71,89.689,False
2026-05-09T06:47:18.845490Z,84.07,89.689,False
2026-05-09T06:47:22.091417Z,85.539,89.689,False
2026-05-09T06:47:22.985877Z,86.771,89.689,False
2026-05-09T06:47:25.049967Z,88.67,89.689,False
2026-05-09T06:47:27.116544Z,84.116,89.689,False
2026-05-09T06:47:29.182153Z,84.895,89.689,False
2026-05-09T06:47:31.246408Z,85.475,89.689,False
2026-05-09T06:47:33.309634Z,87.256,89.689,False
2026-05-09T06:47:35.368697Z,83.652,89.689,False
2026-05-09T06:47:37.427581Z,64.437,89.689,False
2026-05-09T06:47:39.493186Z,65.425,89.689,False
2026-05-09T06:47:41.563446Z,88.964,89.689,False
2026-05-09T06:47:43.639476Z,85.789,89.689,False
2026-05-09T06:47:45.728567Z,86.89,89.689,False
2026-05-09T06:47:47.763042Z,88.461,89.689,False
2026-05-09T06:47:49.822630Z,89.352,89.689,False
2026-05-09T06:47:51.879135Z,85.852,89.689,False
2026-05-09T06:47:53.940202Z,87.049,89.689,False
2026-05-09T06:47:56.004212Z,88.123,89.689,False
2026-05-09T06:47:58.063033Z,89.222,89.689,False
2026-05-09T06:48:00.127884Z,86.072,89.689,False
2026-05-09T06:48:02.194090Z,86.963,89.689,False
2026-05-09T06:48:04.257435Z,63.493,89.689,False
2026-05-09T06:48:06.316644Z,65.041,89.689,False
2026-05-09T06:48:08.376425Z,86.291,89.689,False
2026-05-09T06:48:10.579398Z,87.057,89.689,False
2026-05-09T06:48:13.707800Z,88.127,89.689,False
2026-05-09T06:48:14.702071Z,89.188,89.689,False
2026-05-09T06:48:16.775112Z,86.291,89.689,False
2026-05-09T06:48:18.829677Z,87.057,89.689,False
2026-05-09T06:48:20.905164Z,88.095,89.689,False
2026-05-09T06:48:22.966431Z,89.481,89.689,False
2026-05-09T06:48:25.031177Z,86.165,89.689,False
2026-05-09T06:48:27.092299Z,87.057,89.689,False
2026-05-09T06:48:29.155122Z,88.218,89.689,False
2026-05-09T06:48:31.217041Z,68.833,89.498,False
2026-05-09T06:48:33.277496Z,68.431,89.498,False
2026-05-09T06:48:35.363465Z,88.765,89.498,False
2026-05-09T06:48:37.411966Z,90.464,89.689,True
2026-05-09T06:48:39.477532Z,90.367,89.689,True
2026-05-09T06:48:41.553220Z,83.085,89.689,False
2026-05-09T06:48:43.611394Z,84.496,89.689,False
2026-05-09T06:48:45.675197Z,84.983,89.689,False
2026-05-09T06:48:47.736998Z,85.313,89.689,False
2026-05-09T06:48:49.796192Z,86.716,89.689,False
2026-05-09T06:48:51.864522Z,87.312,89.689,False
2026-05-09T06:48:53.925712Z,84.163,89.689,False
2026-05-09T06:48:55.992041Z,85.126,89.498,False
2026-05-09T06:48:58.055928Z,85.342,89.498,False
2026-05-09T06:49:00.118640Z,86.752,89.498,False
2026-05-09T06:49:02.185193Z,87.307,89.498,False
2026-05-09T06:49:04.251982Z,84.445,89.481,False
2026-05-09T06:49:06.311434Z,85.286,89.481,False
2026-05-09T06:49:08.372710Z,85.411,89.481,False
2026-05-09T06:49:10.440042Z,87.485,89.481,False
2026-05-09T06:49:12.501848Z,87.149,89.481,False
2026-05-09T06:49:14.664499Z,69.555,89.481,False
2026-05-09T06:49:16.725458Z,85.294,89.481,False
2026-05-09T06:49:18.781836Z,86.753,89.481,False
2026-05-09T06:49:20.845493Z,87.661,89.457,False
2026-05-09T06:49:22.908580Z,84.652,89.457,False
2026-05-09T06:49:24.969984Z,85.652,89.457,False
2026-05-09T06:49:27.034125Z,86.612,89.457,False
2026-05-09T06:49:29.103157Z,87.917,89.457,False
2026-05-09T06:49:31.161433Z,84.62,89.457,False
2026-05-09T06:49:33.231396Z,85.008,89.457,False
2026-05-09T06:49:35.296089Z,85.355,89.457,False
2026-05-09T06:49:37.360423Z,86.482,89.457,False
2026-05-09T06:49:39.427063Z,84.184,89.457,False
2026-05-09T06:49:41.487679Z,64.585,89.457,False
2026-05-09T06:49:43.571378Z,65.621,89.457,False
2026-05-09T06:49:45.633659Z,88.738,89.457,False
2026-05-09T06:49:47.696153Z,86.271,89.457,False
2026-05-09T06:49:49.758102Z,87.037,89.457,False
2026-05-09T06:49:51.815643Z,87.968,89.457,False
2026-05-09T06:49:53.888745Z,89.027,89.457,False
2026-05-09T06:49:55.952577Z,86.09,89.457,False
2026-05-09T06:49:58.014869Z,86.854,89.457,False
2026-05-09T06:50:00.075354Z,87.815,89.457,False
2026-05-09T06:50:02.136237Z,88.841,89.457,False
2026-05-09T06:50:04.199338Z,86.09,89.457,False
2026-05-09T06:50:06.260151Z,86.854,89.457,False
2026-05-09T06:50:08.323889Z,63.275,89.457,False
2026-05-09T06:50:10.380061Z,64.22,89.364,False
2026-05-09T06:50:12.442761Z,86.17,89.364,False
2026-05-09T06:50:14.507788Z,86.935,89.364,False
2026-05-09T06:50:16.575451Z,87.815,89.364,False
2026-05-09T06:50:18.634812Z,88.808,89.364,False
2026-05-09T06:50:20.690401Z,86.17,89.364,False
2026-05-09T06:50:22.767838Z,87.111,89.364,False
2026-05-09T06:50:24.821881Z,87.929,89.364,False
2026-05-09T06:50:26.888350Z,88.923,89.364,False
2026-05-09T06:50:28.944588Z,86.345,89.364,False
2026-05-09T06:50:31.002415Z,87.111,89.364,False
2026-05-09T06:50:33.064723Z,87.961,89.364,False
2026-05-09T06:50:35.130123Z,68.297,89.352,False
2026-05-09T06:50:37.186816Z,66.692,89.352,False
2026-05-09T06:50:39.250973Z,87.111,89.352,False
2026-05-09T06:50:41.325328Z,87.961,89.352,False
2026-05-09T06:50:43.397346Z,88.761,89.326,False
2026-05-09T06:50:45.458645Z,80.453,89.326,False
2026-05-09T06:50:47.524481Z,85.088,89.326,False
2026-05-09T06:50:49.580165Z,85.212,89.326,False
2026-05-09T06:50:51.658240Z,85.431,89.326,False
2026-05-09T06:50:53.720147Z,87.159,89.326,False
2026-05-09T06:50:55.784842Z,86.144,89.326,False
2026-05-09T06:50:57.865855Z,84.933,89.326,False
2026-05-09T06:50:59.948061Z,85.15,89.227,False
2026-05-09T06:51:01.990444Z,85.15,89.227,False
2026-05-09T06:51:04.047295Z,87.032,89.227,False
2026-05-09T06:51:06.108071Z,86.413,89.227,False
2026-05-09T06:51:08.169605Z,85.019,89.19,False
2026-05-09T06:51:10.237105Z,85.246,89.19,False
2026-05-09T06:51:12.299747Z,85.464,89.19,False
2026-05-09T06:51:14.374386Z,87.266,89.19,False
2026-05-09T06:51:16.443253Z,86.456,89.19,False
2026-05-09T06:51:18.511651Z,69.861,89.19,False
2026-05-09T06:51:20.574319Z,85.394,89.19,False
2026-05-09T06:51:22.637451Z,86.545,89.16,False
2026-05-09T06:51:24.704284Z,87.387,89.127,False
2026-05-09T06:51:26.766167Z,84.58,89.127,False
2026-05-09T06:51:28.830638Z,85.517,89.127,False
2026-05-09T06:51:30.898132Z,86.6,89.127,False
2026-05-09T06:51:32.958670Z,87.578,89.127,False
2026-05-09T06:51:35.020532Z,84.658,89.127,False
2026-05-09T06:51:37.085933Z,84.772,89.127,False
2026-05-09T06:51:39.150247Z,85.179,89.127,False
2026-05-09T06:51:41.223303Z,85.933,89.127,False
2026-05-09T06:51:43.287513Z,84.355,89.127,False
2026-05-09T06:51:45.347448Z,64.908,89.127,False
2026-05-09T06:51:47.413847Z,66.264,89.127,False
2026-05-09T06:51:49.477909Z,88.51,89.127,False
2026-05-09T06:51:51.547079Z,86.341,89.127,False
2026-05-09T06:51:53.610658Z,87.075,89.127,False
2026-05-09T06:51:55.676237Z,88.094,89.127,False
2026-05-09T06:51:57.745050Z,88.771,89.127,False
2026-05-09T06:51:59.801129Z,86.638,89.127,False
2026-05-09T06:52:01.864500Z,87.375,89.127,False
2026-05-09T06:52:03.934086Z,88.158,89.127,False
2026-05-09T06:52:05.995609Z,88.665,89.127,False
2026-05-09T06:52:08.062677Z,86.756,89.127,False
2026-05-09T06:52:10.128073Z,87.302,89.127,False
2026-05-09T06:52:12.194703Z,63.442,89.127,False
2026-05-09T06:52:14.255020Z,64.054,89.127,False
2026-05-09T06:52:16.313552Z,86.597,89.127,False
2026-05-09T06:52:18.374691Z,87.302,89.127,False
2026-05-09T06:52:20.440552Z,88.247,89.127,False
2026-05-09T06:52:22.497123Z,88.853,89.127,False
2026-05-09T06:52:24.555225Z,86.781,89.127,False
2026-05-09T06:52:26.617360Z,87.406,89.127,False
2026-05-09T06:52:28.681732Z,88.158,89.127,False
2026-05-09T06:52:30.737940Z,88.771,89.127,False
2026-05-09T06:52:32.798863Z,86.669,89.127,False
2026-05-09T06:52:34.864447Z,87.406,89.127,False
2026-05-09T06:52:36.932363Z,88.326,89.127,False
2026-05-09T06:52:38.995188Z,68.307,89.033,False
2026-05-09T06:52:41.062847Z,67.093,89.033,False
2026-05-09T06:52:43.127259Z,87.406,89.033,False
2026-05-09T06:52:45.187863Z,88.229,89.033,False
2026-05-09T06:52:47.252008Z,88.771,88.967,False
2026-05-09T06:52:49.314931Z,80.66,88.967,False
2026-05-09T06:52:51.378436Z,85.215,88.967,False
2026-05-09T06:52:53.438327Z,85.308,88.967,False
2026-05-09T06:52:55.503017Z,85.526,88.967,False
2026-05-09T06:52:57.570677Z,87.393,88.967,False
2026-05-09T06:52:59.644817Z,86.349,88.967,False
2026-05-09T06:53:01.692893Z,85.269,88.967,False
2026-05-09T06:53:03.755426Z,85.394,88.925,False
2026-05-09T06:53:05.812958Z,85.612,88.925,False
2026-05-09T06:53:07.876353Z,87.434,88.925,False
2026-05-09T06:53:09.931688Z,86.581,88.925,False
2026-05-09T06:53:11.995057Z,85.285,88.857,False
2026-05-09T06:53:14.076849Z,85.534,88.857,False
2026-05-09T06:53:16.124447Z,85.753,88.857,False
2026-05-09T06:53:18.182982Z,87.537,88.857,False
2026-05-09T06:53:20.247173Z,86.864,88.857,False
2026-05-09T06:53:22.311891Z,70.317,88.857,False
2026-05-09T06:53:24.371048Z,85.82,88.857,False
2026-05-09T06:53:26.432570Z,86.771,88.857,False
2026-05-09T06:53:28.497192Z,87.774,88.841,False
2026-05-09T06:53:30.560406Z,85.431,88.841,False
2026-05-09T06:53:32.625532Z,86.087,88.841,False
2026-05-09T06:53:34.690008Z,86.956,88.841,False
2026-05-09T06:53:36.755168Z,88.073,88.841,False
2026-05-09T06:53:38.825927Z,84.972,88.841,False
2026-05-09T06:53:40.909351Z,85.225,88.841,False
2026-05-09T06:53:42.959587Z,85.714,88.841,False
2026-05-09T06:53:45.027828Z,86.673,88.841,False
2026-05-09T06:53:47.087062Z,85.008,88.841,False
2026-05-09T06:53:49.150270Z,65.888,88.841,False
2026-05-09T06:53:51.207490Z,66.245,88.841,False
2026-05-09T06:53:53.269308Z,88.986,88.857,True
2026-05-09T06:53:55.337038Z,86.757,88.857,False
2026-05-09T06:53:57.400104Z,87.74,88.857,False
2026-05-09T06:53:59.463751Z,88.568,88.857,False
2026-05-09T06:54:01.519486Z,89.406,88.925,True
2026-05-09T06:54:03.596803Z,86.852,88.925,False
2026-05-09T06:54:05.661246Z,87.804,88.925,False
2026-05-09T06:54:07.722685Z,88.568,88.925,False
2026-05-09T06:54:09.787681Z,89.276,88.965,True
2026-05-09T06:54:11.842250Z,86.852,88.965,False
2026-05-09T06:54:13.905135Z,87.804,88.965,False
2026-05-09T06:54:15.971435Z,63.728,88.965,False
2026-05-09T06:54:18.031371Z,64.852,88.965,False
2026-05-09T06:54:20.103785Z,86.852,88.965,False
2026-05-09T06:54:22.158657Z,87.804,88.965,False
2026-05-09T06:54:24.225318Z,88.365,88.965,False
2026-05-09T06:54:26.290585Z,89.308,88.988,True
2026-05-09T06:54:28.355650Z,86.852,88.988,False
2026-05-09T06:54:30.434416Z,87.804,88.988,False
2026-05-09T06:54:32.478538Z,88.533,88.988,False
2026-05-09T06:54:34.540571Z,89.183,89.035,True
2026-05-09T06:54:36.601164Z,86.852,89.035,False
2026-05-09T06:54:38.665932Z,87.804,89.035,False
2026-05-09T06:54:40.742361Z,88.533,89.035,False
2026-05-09T06:54:42.814682Z,68.914,88.988,False
2026-05-09T06:54:44.869661Z,67.911,88.988,False
2026-05-09T06:54:46.931367Z,87.899,88.988,False
2026-05-09T06:54:49.017365Z,88.531,88.988,False
2026-05-09T06:54:51.102911Z,89.28,88.988,True
2026-05-09T06:54:53.162131Z,81.017,88.988,False
2026-05-09T06:54:55.228646Z,85.882,88.988,False
2026-05-09T06:54:57.289804Z,85.976,88.988,False
2026-05-09T06:54:59.353686Z,85.96,88.988,False
2026-05-09T06:55:01.417760Z,88.117,88.988,False
2026-05-09T06:55:03.481240Z,86.801,88.988,False
2026-05-09T06:55:05.557989Z,85.747,88.988,False
2026-05-09T06:55:07.631126Z,85.841,88.926,False
2026-05-09T06:55:09.692205Z,86.02,88.926,False
2026-05-09T06:55:11.753861Z,88.02,88.926,False
2026-05-09T06:55:13.835856Z,87.263,88.926,False
2026-05-09T06:55:15.893384Z,85.651,88.857,False
2026-05-09T06:55:17.953886Z,85.87,88.857,False
2026-05-09T06:55:20.022837Z,85.87,88.857,False
2026-05-09T06:55:22.083095Z,88.091,88.857,False
2026-05-09T06:55:24.151602Z,87.031,88.857,False
2026-05-09T06:55:26.214041Z,70.553,88.857,False
2026-05-09T06:55:28.281557Z,85.634,88.857,False
2026-05-09T06:55:30.344265Z,86.912,88.841,False
2026-05-09T06:55:32.409308Z,87.863,88.81,False
2026-05-09T06:55:34.470940Z,84.721,88.81,False
2026-05-09T06:55:36.533791Z,85.807,88.81,False
2026-05-09T06:55:38.593336Z,86.708,88.81,False
2026-05-09T06:55:40.687249Z,87.822,88.81,False
2026-05-09T06:55:43.625602Z,84.619,88.81,False
2026-05-09T06:55:45.733779Z,85.183,88.81,False
2026-05-09T06:55:46.885064Z,85.346,88.81,False
2026-05-09T06:55:48.948300Z,86.342,88.81,False
2026-05-09T06:55:51.016195Z,84.347,88.81,False
2026-05-09T06:55:53.074990Z,65.248,88.81,False
2026-05-09T06:55:55.132735Z,65.067,88.81,False
2026-05-09T06:55:57.197686Z,88.718,88.81,False
2026-05-09T06:55:59.268184Z,86.332,88.81,False
2026-05-09T06:56:01.334603Z,87.28,88.81,False
2026-05-09T06:56:03.399436Z,88.233,88.81,False
2026-05-09T06:56:05.466955Z,89.011,88.841,True
2026-05-09T06:56:07.531693Z,86.332,88.841,False
2026-05-09T06:56:09.598486Z,87.344,88.841,False
2026-05-09T06:56:11.691767Z,88.233,88.841,False
2026-05-09T06:56:13.732911Z,89.011,88.857,True
2026-05-09T06:56:15.799071Z,86.301,88.857,False
2026-05-09T06:56:17.858961Z,87.28,88.857,False
2026-05-09T06:56:19.920427Z,63.577,88.857,False
2026-05-09T06:56:22.009520Z,64.545,88.857,False
2026-05-09T06:56:24.059171Z,86.554,88.857,False
2026-05-09T06:56:26.128327Z,87.28,88.857,False
2026-05-09T06:56:28.193494Z,88.296,88.857,False
2026-05-09T06:56:30.262678Z,89.139,88.926,True
2026-05-09T06:56:32.333028Z,86.489,88.926,False
2026-05-09T06:56:34.396857Z,87.375,88.926,False
2026-05-09T06:56:36.466720Z,88.175,88.926,False
2026-05-09T06:56:38.521768Z,88.92,88.926,False
2026-05-09T06:56:40.596103Z,86.371,88.926,False
2026-05-09T06:56:42.658628Z,87.161,88.926,False
2026-05-09T06:56:44.723468Z,88.175,88.926,False
2026-05-09T06:56:46.786955Z,68.423,88.921,False
2026-05-09T06:56:48.852844Z,67.033,88.921,False
2026-05-09T06:56:51.976862Z,86.824,88.921,False
2026-05-09T06:56:54.031522Z,88.04,88.921,False
2026-05-09T06:56:56.774616Z,88.817,88.921,False
2026-05-09T06:56:58.159642Z,80.074,88.921,False
2026-05-09T06:57:00.213528Z,85.013,88.921,False
2026-05-09T06:57:02.275676Z,85.106,88.921,False
2026-05-09T06:57:04.913550Z,85.324,88.921,False
2026-05-09T06:57:06.558923Z,87.485,88.921,False
2026-05-09T06:57:08.618772Z,86.271,88.921,False
2026-05-09T07:36:41.208894Z,73.953,20.647,True
2026-05-09T07:36:43.716210Z,75.83,20.647,True
2026-05-09T07:36:46.083429Z,80.895,20.647,True
2026-05-09T07:36:48.345280Z,83.31,20.647,True
2026-05-09T07:36:49.449111Z,80.045,20.647,True
2026-05-09T07:36:51.518660Z,76.537,20.647,True
2026-05-09T07:36:53.567978Z,70.701,20.647,True
2026-05-09T07:36:55.629515Z,85.644,20.647,True
2026-05-09T07:36:57.692659Z,82.63,20.647,True
2026-05-09T07:36:59.754423Z,82.087,20.647,True
2026-05-09T07:37:01.817614Z,85.525,20.647,True
2026-05-09T07:37:03.873895Z,86.247,20.647,True
2026-05-09T07:37:05.934437Z,83.328,20.647,True
2026-05-09T07:37:07.991518Z,83.315,20.647,True
2026-05-09T07:37:10.085509Z,86.487,20.647,True
2026-05-09T07:37:12.128848Z,87.184,20.647,True
2026-05-09T07:37:14.549924Z,84.225,20.647,True
2026-05-09T07:37:16.278026Z,83.672,20.647,True
2026-05-09T07:37:18.335567Z,70.815,20.647,True
2026-05-09T07:37:20.411744Z,70.294,20.647,True
2026-05-09T07:37:22.467880Z,84.821,20.647,True
2026-05-09T07:37:24.533740Z,84.645,20.647,True
2026-05-09T07:37:26.592264Z,87.695,20.647,True
2026-05-09T07:37:28.661056Z,88.654,20.647,True
2026-05-09T07:37:30.720083Z,85.175,20.647,True
2026-05-09T07:37:32.779771Z,85.418,20.647,True
2026-05-09T07:37:34.841696Z,88.122,20.647,True
2026-05-09T07:37:36.904589Z,89.06,20.647,True
2026-05-09T07:37:38.963074Z,86.001,20.647,True
2026-05-09T07:37:41.034110Z,86.278,20.647,True
2026-05-09T07:37:43.105301Z,88.322,20.647,True
2026-05-09T07:37:45.179685Z,66.58,20.647,True
2026-05-09T07:37:47.238252Z,64.174,20.647,True
2026-05-09T07:37:49.300888Z,87.498,20.647,True
2026-05-09T07:37:51.379993Z,89.003,20.647,True
2026-05-09T07:37:53.432616Z,89.746,20.647,True
2026-05-09T07:37:55.503310Z,83.242,20.647,True
2026-05-09T07:37:57.566100Z,85.467,20.647,True
2026-05-09T07:37:59.620461Z,85.686,20.647,True
2026-05-09T07:38:01.685751Z,85.78,20.647,True
2026-05-09T07:38:04.981921Z,87.023,20.647,True
2026-05-09T07:38:05.809799Z,87.711,20.647,True
2026-05-09T07:38:07.867738Z,84.933,20.647,True
2026-05-09T07:38:09.935116Z,85.55,20.647,True
2026-05-09T07:38:12.208652Z,85.675,20.647,True
2026-05-09T07:38:17.990962Z,86.739,20.647,True
2026-05-09T07:38:18.136445Z,88.356,20.647,True
2026-05-09T07:38:18.282587Z,84.504,20.647,True
2026-05-09T07:38:20.335268Z,85.737,20.647,True
2026-05-09T07:38:22.397903Z,85.987,20.647,True
2026-05-09T07:38:24.466644Z,87.055,20.647,True
2026-05-09T07:38:26.532725Z,88.67,20.647,True
2026-05-09T07:38:28.598328Z,69.877,20.647,True
2026-05-09T07:38:31.089891Z,85.768,20.647,True
2026-05-09T07:38:32.746263Z,87.885,20.647,True
2026-05-09T07:38:34.812847Z,89.213,20.647,True
2026-05-09T07:38:36.875092Z,85.392,20.647,True
2026-05-09T07:38:38.940260Z,85.257,20.647,True
2026-05-09T07:38:41.008801Z,88.069,20.647,True
2026-05-09T07:38:43.069488Z,89.794,89.068,True
2026-05-09T07:38:45.134807Z,86.842,89.06,False
2026-05-09T07:38:47.198275Z,85.584,89.057,False
2026-05-09T07:38:49.261274Z,88.336,89.055,False
2026-05-09T07:38:51.322946Z,89.141,89.129,True
2026-05-09T07:38:53.380178Z,85.077,89.124,False
2026-05-09T07:38:55.443140Z,64.924,89.12,False
2026-05-09T07:38:57.521678Z,67.175,89.116,False
2026-05-09T07:38:59.593937Z,88.705,89.112,False
2026-05-09T07:39:01.644917Z,86.646,89.108,False
2026-05-09T07:39:03.702954Z,86.896,89.104,False
2026-05-09T07:39:05.770206Z,89.444,89.177,True
2026-05-09T07:39:07.837537Z,89.984,89.317,True
2026-05-09T07:39:09.896909Z,87.664,89.305,False
2026-05-09T07:39:11.962266Z,86.984,89.294,False
2026-05-09T07:39:14.026115Z,89.397,89.411,False
2026-05-09T07:39:16.091672Z,89.844,89.52,True
2026-05-09T07:39:18.168645Z,87.484,89.505,False
2026-05-09T07:39:20.240285Z,86.911,89.49,False
2026-05-09T07:39:22.290789Z,64.248,89.475,False
2026-05-09T07:39:24.356094Z,65.519,89.459,False
2026-05-09T07:39:26.462477Z,87.081,89.444,False
2026-05-09T07:39:28.532582Z,87.015,89.442,False
2026-05-09T07:39:30.594416Z,89.062,89.44,False
2026-05-09T07:39:32.658715Z,89.811,89.701,True
2026-05-09T07:39:34.726326Z,87.389,89.686,False
2026-05-09T07:39:36.794692Z,86.624,89.671,False
2026-05-09T07:39:38.858241Z,89.062,89.656,False
2026-05-09T07:39:40.922536Z,89.811,89.777,True
2026-05-09T07:39:42.985739Z,87.251,89.775,False
2026-05-09T07:39:45.045398Z,86.804,89.772,False
2026-05-09T07:39:47.132813Z,89.062,89.77,False
2026-05-09T07:39:49.187894Z,69.015,89.768,False
2026-05-09T07:39:51.248028Z,65.926,89.765,False
2026-05-09T07:39:53.311312Z,86.61,89.763,False
2026-05-09T07:39:55.374730Z,88.863,89.76,False
2026-05-09T07:39:57.437588Z,89.746,89.758,False
2026-05-09T07:39:59.498766Z,82.213,89.756,False
2026-05-09T07:40:01.575555Z,84.567,89.753,False
2026-05-09T07:40:03.648232Z,85.379,89.751,False
2026-05-09T07:40:05.699319Z,85.504,89.748,False
2026-05-09T07:40:07.756534Z,86.561,89.746,False
2026-05-09T07:40:09.823701Z,87.908,89.746,False
2026-05-09T07:40:11.888845Z,84.112,89.746,False
2026-05-09T07:40:13.951036Z,85.193,89.746,False
2026-05-09T07:40:16.015299Z,85.318,89.746,False
2026-05-09T07:40:18.076764Z,86.468,89.746,False
2026-05-09T07:40:20.162283Z,88.08,89.746,False
2026-05-09T07:40:22.229219Z,84.058,89.746,False
2026-05-09T07:40:24.281329Z,85.106,89.746,False
2026-05-09T07:40:26.343916Z,85.387,89.746,False
2026-05-09T07:40:28.413433Z,86.596,89.746,False
2026-05-09T07:40:30.475278Z,88.144,89.746,False
2026-05-09T07:40:32.538224Z,68.777,89.746,False
2026-05-09T07:40:34.602178Z,85.013,89.746,False
2026-05-09T07:40:36.664288Z,87.363,89.746,False
2026-05-09T07:40:38.722982Z,88.716,89.746,False
2026-05-09T07:40:40.791878Z,85.015,89.746,False
2026-05-09T07:40:42.858152Z,84.682,89.746,False
2026-05-09T07:40:44.916487Z,87.77,89.746,False
2026-05-09T07:40:46.976694Z,89.262,89.746,False
2026-05-09T07:40:49.033107Z,86.091,89.746,False
2026-05-09T07:40:51.100745Z,85.19,89.731,False
2026-05-09T07:40:53.171708Z,87.546,89.716,False
2026-05-09T07:40:55.228118Z,88.619,89.701,False
2026-05-09T07:40:57.290506Z,84.269,89.685,False
2026-05-09T07:40:59.354940Z,63.138,89.67,False
2026-05-09T07:41:01.418774Z,64.933,89.655,False
2026-05-09T07:41:03.474924Z,87.759,89.64,False
2026-05-09T07:41:05.534764Z,85.534,89.625,False
2026-05-09T07:41:07.596404Z,85.546,89.61,False
2026-05-09T07:41:09.660516Z,88.614,89.595,False
2026-05-09T07:41:11.719808Z,89.396,89.58,False
2026-05-09T07:41:13.785563Z,86.649,89.565,False
2026-05-09T07:41:15.844584Z,85.92,89.55,False
2026-05-09T07:41:17.909507Z,88.678,89.535,False
2026-05-09T07:41:20.044048Z,89.429,89.52,False
2026-05-09T07:41:22.076538Z,86.684,89.505,False
2026-05-09T07:41:24.137522Z,85.851,89.49,False
2026-05-09T07:41:26.205921Z,63.494,89.475,False
2026-05-09T07:41:28.268298Z,65.071,89.459,False
2026-05-09T07:41:30.325969Z,86.516,89.444,False
2026-05-09T07:41:32.395860Z,85.851,89.444,False
2026-05-09T07:41:34.458731Z,88.478,89.443,False
2026-05-09T07:41:36.525939Z,89.357,89.442,False
2026-05-09T07:41:38.586530Z,86.516,89.441,False
2026-05-09T07:41:40.649379Z,85.851,89.441,False
2026-05-09T07:41:42.706857Z,88.478,89.44,False
2026-05-09T07:41:44.773427Z,89.357,89.439,False
2026-05-09T07:41:46.829664Z,86.579,89.438,False
2026-05-09T07:41:48.898618Z,85.851,89.437,False
2026-05-09T07:41:50.961077Z,88.354,89.437,False
2026-05-09T07:41:53.022795Z,69.236,89.436,False
2026-05-09T07:41:55.095273Z,66.051,89.435,False
2026-05-09T07:41:57.183720Z,86.04,89.434,False
2026-05-09T07:41:59.245090Z,88.354,89.434,False
2026-05-09T07:42:01.309836Z,89.357,89.433,False
2026-05-09T07:42:03.377314Z,79.932,89.432,False
2026-05-09T07:42:05.431063Z,84.17,89.431,False
2026-05-09T07:42:07.501296Z,84.892,89.431,False
2026-05-09T07:42:09.566745Z,85.164,89.43,False
2026-05-09T07:42:11.637767Z,86.404,89.429,False
2026-05-09T07:42:13.693028Z,87.041,89.427,False
2026-05-09T07:42:15.755376Z,83.544,89.426,False
2026-05-09T07:42:17.821799Z,84.857,89.424,False
2026-05-09T07:42:19.882325Z,85.074,89.423,False
2026-05-09T07:42:21.951446Z,86.086,89.421,False
2026-05-09T07:42:24.007813Z,87.659,89.419,False
2026-05-09T07:42:26.072605Z,83.581,89.418,False
2026-05-09T07:42:28.135649Z,84.685,89.416,False
2026-05-09T07:42:30.206550Z,84.871,89.415,False
2026-05-09T07:42:32.264499Z,86.187,89.413,False
2026-05-09T07:42:34.325312Z,87.755,89.411,False
2026-05-09T07:42:36.386469Z,67.796,89.41,False
2026-05-09T07:42:38.452868Z,84.562,89.408,False
2026-05-09T07:42:40.513679Z,86.84,89.406,False
2026-05-09T07:42:42.577763Z,88.292,89.405,False
2026-05-09T07:42:44.644604Z,84.502,89.403,False
2026-05-09T07:42:46.703977Z,84.202,89.402,False
2026-05-09T07:42:48.764873Z,86.969,89.4,False
2026-05-09T07:42:50.821598Z,88.421,89.398,False
2026-05-09T07:42:52.885912Z,84.688,89.397,False
2026-05-09T07:42:54.941298Z,83.599,89.397,False
2026-05-09T07:42:57.007499Z,85.603,89.397,False
2026-05-09T07:42:59.071954Z,86.92,89.397,False
2026-05-09T07:43:01.136469Z,83.842,89.397,False
2026-05-09T07:43:03.196038Z,61.053,89.397,False
2026-05-09T07:43:05.263184Z,63.432,89.397,False
2026-05-09T07:43:07.325744Z,88.609,89.397,False
2026-05-09T07:43:09.383999Z,85.628,89.397,False
2026-05-09T07:43:11.445261Z,85.487,89.397,False
2026-05-09T07:43:13.500572Z,88.051,89.397,False
2026-05-09T07:43:15.570846Z,89.222,89.397,False
2026-05-09T07:43:17.637756Z,85.989,89.397,False
2026-05-09T07:43:19.697813Z,85.894,89.397,False
2026-05-09T07:43:21.772124Z,88.22,89.397,False
2026-05-09T07:43:23.829600Z,89.222,89.397,False
2026-05-09T07:43:25.890575Z,85.811,89.397,False
2026-05-09T07:43:27.949719Z,85.894,89.396,False
2026-05-09T07:43:30.013139Z,63.177,89.396,False
2026-05-09T07:43:33.776289Z,65.18,89.396,False
2026-05-09T07:43:34.594972Z,85.774,89.396,False
2026-05-09T07:43:36.662637Z,86.3,89.396,False
2026-05-09T07:43:38.738857Z,88.22,89.396,False
2026-05-09T07:43:40.797828Z,89.222,89.396,False
2026-05-09T07:43:42.860862Z,85.846,89.396,False
2026-05-09T07:43:44.925531Z,86.268,89.396,False
2026-05-09T07:43:46.994059Z,88.252,89.396,False
2026-05-09T07:43:49.092105Z,89.254,89.396,False
2026-05-09T07:43:51.153514Z,85.743,89.396,False
2026-05-09T07:43:53.226690Z,86.268,89.396,False
2026-05-09T07:43:55.291307Z,88.145,89.396,False
2026-05-09T07:43:57.353248Z,68.745,89.396,False
2026-05-09T07:43:59.417856Z,65.551,89.396,False
2026-05-09T07:44:01.525460Z,86.268,89.396,False
2026-05-09T07:44:03.605960Z,88.252,89.396,False
2026-05-09T07:44:05.678236Z,89.254,89.396,False
2026-05-09T07:44:07.736308Z,79.637,89.396,False
2026-05-09T07:44:09.807779Z,84.701,89.396,False
2026-05-09T07:44:11.868648Z,84.927,89.396,False
2026-05-09T07:44:13.932236Z,85.051,89.396,False
2026-05-09T07:44:15.993498Z,86.368,89.396,False
2026-05-09T07:44:18.062982Z,87.012,89.396,False
2026-05-09T07:44:20.129303Z,84.005,89.396,False
2026-05-09T07:44:22.202017Z,84.967,89.396,False
2026-05-09T07:44:24.266507Z,85.06,89.396,False
2026-05-09T07:44:32.416708Z,86.408,89.396,False
2026-05-09T07:44:33.201318Z,87.241,89.396,False
2026-05-09T07:44:33.727256Z,84.042,89.396,False
2026-05-09T07:44:35.074287Z,85.036,89.396,False
2026-05-09T07:44:37.016574Z,85.129,89.396,False
2026-05-09T07:44:39.206826Z,86.541,89.396,False
2026-05-09T07:44:41.197406Z,87.336,89.396,False
2026-05-09T07:44:43.426317Z,67.46,89.396,False
2026-05-09T07:44:45.731201Z,85.036,89.396,False
2026-05-09T07:44:47.596108Z,86.712,89.396,False
2026-05-09T07:44:49.675021Z,88.238,89.359,False
2026-05-09T07:44:51.746819Z,83.999,89.359,False
2026-05-09T07:44:54.141765Z,85.261,89.359,False
2026-05-09T07:44:55.959309Z,87.342,89.359,False
2026-05-09T07:44:58.169023Z,88.422,89.359,False
2026-05-09T07:45:00.834933Z,84.314,89.359,False
2026-05-09T07:45:02.611140Z,84.795,89.359,False
2026-05-09T07:45:04.588975Z,86.011,89.359,False
2026-05-09T07:45:06.683637Z,87.243,89.359,False
2026-05-09T07:45:08.749237Z,83.554,89.359,False
2026-05-09T07:45:10.855859Z,64.319,89.359,False
2026-05-09T07:45:12.981428Z,66.205,89.359,False
2026-05-09T07:45:15.061744Z,89.037,89.359,False
2026-05-09T07:45:17.186402Z,85.349,89.359,False
2026-05-09T07:45:19.394134Z,86.972,89.359,False
2026-05-09T07:45:22.289761Z,88.303,89.359,False
2026-05-09T07:45:23.897454Z,89.225,89.359,False
2026-05-09T07:45:26.284787Z,85.721,89.359,False
2026-05-09T07:45:28.246568Z,86.854,89.359,False
2026-05-09T07:45:30.213667Z,88.303,89.359,False
2026-05-09T07:45:35.218811Z,89.225,89.359,False
2026-05-09T07:45:36.418321Z,85.721,89.359,False
2026-05-09T07:45:38.475894Z,86.854,89.359,False
2026-05-09T07:45:40.547007Z,63.728,89.359,False
2026-05-09T07:45:42.628495Z,65.213,89.357,False
2026-05-09T07:45:44.703799Z,85.814,89.357,False
2026-05-09T07:45:46.959633Z,87.129,89.357,False
2026-05-09T07:45:48.969644Z,88.635,89.357,False
2026-05-09T07:45:51.450871Z,89.322,89.357,False
2026-05-09T07:45:53.356498Z,85.907,89.357,False
2026-05-09T07:45:55.416528Z,86.97,89.357,False
2026-05-09T07:45:57.484846Z,88.635,89.357,False
2026-05-09T07:45:59.551603Z,89.322,89.357,False
2026-05-09T07:46:01.627923Z,85.752,89.357,False
2026-05-09T07:46:03.678339Z,86.948,89.357,False
2026-05-09T07:46:05.788821Z,88.195,89.357,False
2026-05-09T07:46:07.802133Z,68.814,89.323,False
2026-05-09T07:46:09.870559Z,65.752,89.323,False
2026-05-09T07:46:11.933298Z,86.948,89.323,False
2026-05-09T07:46:14.006453Z,88.131,89.322,False
2026-05-09T07:46:16.075074Z,89.354,89.322,True
2026-05-09T07:46:18.140469Z,79.82,89.322,False
2026-05-09T07:46:20.205315Z,85.332,89.322,False
2026-05-09T07:46:22.261597Z,85.654,89.322,False
2026-05-09T07:46:24.414905Z,85.685,89.322,False
2026-05-09T07:46:26.502783Z,86.944,89.322,False
2026-05-09T07:46:28.534189Z,87.278,89.322,False
2026-05-09T07:46:30.595787Z,84.468,89.322,False
2026-05-09T07:46:32.667235Z,85.466,89.265,False
2026-05-09T07:46:34.729310Z,85.591,89.265,False
2026-05-09T07:46:36.790150Z,86.715,89.265,False
2026-05-09T07:46:38.856722Z,87.391,89.265,False
2026-05-09T07:46:42.285274Z,84.506,89.254,False
2026-05-09T07:46:43.126172Z,85.535,89.254,False
2026-05-09T07:46:45.188456Z,85.66,89.254,False
2026-05-09T07:46:47.253085Z,86.975,89.254,False
2026-05-09T07:46:49.309210Z,87.424,89.254,False
2026-05-09T07:46:51.376998Z,68.545,89.254,False
2026-05-09T07:46:53.437225Z,85.443,89.254,False
2026-05-09T07:46:55.499970Z,86.504,89.254,False
2026-05-09T07:46:57.564094Z,88.455,89.254,False
2026-05-09T07:47:00.488927Z,84.375,89.254,False
2026-05-09T07:47:02.106046Z,85.552,89.254,False
2026-05-09T07:47:04.192059Z,86.718,89.254,False
2026-05-09T07:47:06.279584Z,88.584,89.254,False
2026-05-09T07:47:08.337379Z,84.632,89.254,False
2026-05-09T07:47:10.401360Z,85.468,89.254,False
2026-05-09T07:47:12.468161Z,85.516,89.254,False
2026-05-09T07:47:15.327325Z,86.851,89.254,False
2026-05-09T07:47:16.908456Z,83.626,89.254,False
2026-05-09T07:47:18.971627Z,64.217,89.254,False
2026-05-09T07:47:21.037324Z,66.323,89.254,False
2026-05-09T07:47:23.128956Z,88.709,89.254,False
2026-05-09T07:47:25.174710Z,85.515,89.254,False
2026-05-09T07:47:27.239506Z,87.023,89.254,False
2026-05-09T07:47:29.312026Z,87.87,89.254,False
2026-05-09T07:47:31.464592Z,89.193,89.254,False
2026-05-09T07:47:37.299489Z,85.857,89.254,False
2026-05-09T07:47:37.956520Z,87.055,89.254,False
2026-05-09T07:47:39.871069Z,87.902,89.254,False
2026-05-09T07:47:41.885913Z,88.974,89.254,False
2026-05-09T07:47:43.946353Z,85.646,89.254,False
2026-05-09T07:47:46.073625Z,86.746,89.254,False
2026-05-09T07:47:48.119019Z,62.508,89.254,False
2026-05-09T07:47:50.173550Z,63.836,89.227,False
2026-05-09T07:47:53.164401Z,85.876,89.227,False
2026-05-09T07:47:54.858579Z,86.921,89.227,False
2026-05-09T07:47:56.656862Z,87.622,89.227,False
2026-05-09T07:47:58.733916Z,88.747,89.227,False
2026-05-09T07:48:01.120184Z,86.062,89.227,False
2026-05-09T07:48:03.209989Z,86.921,89.227,False
2026-05-09T07:48:05.299191Z,87.74,89.227,False
2026-05-09T07:48:07.394751Z,88.926,89.227,False
2026-05-09T07:48:09.507997Z,86.157,89.227,False
2026-05-09T07:48:11.577205Z,87.097,89.227,False
2026-05-09T07:48:13.654547Z,87.735,89.227,False
2026-05-09T07:48:15.714158Z,68.331,89.225,False
2026-05-09T07:48:17.790811Z,66.035,89.225,False
2026-05-09T07:48:19.880661Z,87.097,89.225,False
2026-05-09T07:48:21.948944Z,87.676,89.225,False
2026-05-09T07:48:24.015515Z,88.894,89.222,False
2026-05-09T07:48:26.364581Z,80.065,89.222,False
2026-05-09T07:48:28.307707Z,85.274,89.222,False
2026-05-09T07:48:30.386479Z,85.399,89.222,False
2026-05-09T07:48:32.455527Z,85.617,89.222,False
2026-05-09T07:48:34.512740Z,87.16,89.222,False
2026-05-09T07:48:36.624351Z,86.453,89.222,False
2026-05-09T07:48:38.685289Z,84.963,89.222,False
2026-05-09T07:48:40.837101Z,85.239,89.222,False
2026-05-09T07:48:42.905969Z,85.364,89.222,False
2026-05-09T07:48:44.971723Z,86.445,89.222,False
2026-05-09T07:48:47.038614Z,86.982,89.222,False
2026-05-09T07:48:49.114438Z,84.312,89.222,False
2026-05-09T07:48:51.175028Z,85.308,89.222,False
2026-05-09T07:48:53.240449Z,85.433,89.222,False
2026-05-09T07:48:55.305027Z,86.411,89.222,False
2026-05-09T07:48:57.383022Z,87.183,89.222,False
2026-05-09T07:48:59.472265Z,68.268,89.222,False
2026-05-09T07:49:01.656521Z,85.339,89.222,False
2026-05-09T07:49:03.665675Z,86.359,89.222,False
2026-05-09T07:49:05.742152Z,87.589,89.194,False
2026-05-09T07:49:07.819707Z,84.697,89.194,False
2026-05-09T07:49:10.067165Z,85.51,89.194,False
2026-05-09T07:49:12.108204Z,86.383,89.194,False
2026-05-09T07:49:14.373657Z,87.716,89.194,False
2026-05-09T07:49:17.202891Z,84.806,89.194,False
2026-05-09T07:49:21.216739Z,85.776,89.194,False
2026-05-09T07:49:21.651987Z,85.442,89.194,False
2026-05-09T07:49:23.482014Z,86.303,89.194,False
2026-05-09T07:49:26.380308Z,84.194,89.194,False
2026-05-09T07:49:28.052659Z,64.136,89.194,False
2026-05-09T07:49:30.464516Z,65.047,89.194,False
2026-05-09T07:49:32.437613Z,88.353,89.194,False
2026-05-09T07:49:34.593159Z,86.248,89.194,False
2026-05-09T07:49:37.564435Z,87.297,89.194,False
2026-05-09T07:49:39.691634Z,87.809,89.194,False
2026-05-09T07:49:43.698622Z,88.899,89.194,False
2026-05-09T07:49:44.986332Z,86.656,89.194,False
2026-05-09T07:49:47.898656Z,87.505,89.194,False
2026-05-09T07:49:49.230585Z,88.083,89.194,False
2026-05-09T07:49:51.235056Z,88.982,89.194,False
2026-05-09T07:49:54.129310Z,86.552,89.194,False
2026-05-09T07:49:55.834559Z,87.288,89.194,False
2026-05-09T07:49:58.045932Z,62.54,89.194,False
2026-05-09T07:50:00.132949Z,63.79,89.194,False
2026-05-09T07:50:02.197832Z,86.768,89.194,False
2026-05-09T07:50:04.309475Z,87.505,89.194,False
2026-05-09T07:50:06.348470Z,88.083,89.194,False
2026-05-09T07:50:08.613390Z,88.899,89.194,False
2026-05-09T07:50:10.759652Z,86.656,89.194,False
2026-05-09T07:50:12.794387Z,87.392,89.194,False
2026-05-09T07:50:14.866246Z,88.001,89.194,False
2026-05-09T07:50:17.602641Z,88.899,89.194,False
2026-05-09T07:50:19.056148Z,86.656,89.194,False
2026-05-09T07:50:21.487009Z,87.392,89.194,False
2026-05-09T07:50:23.855706Z,88.001,89.194,False
2026-05-09T07:50:26.157636Z,68.276,89.045,False
2026-05-09T07:50:29.658522Z,66.893,89.045,False
2026-05-09T07:50:30.065676Z,87.424,89.045,False
2026-05-09T07:50:32.112932Z,88.001,89.045,False
2026-05-09T07:50:34.172569Z,88.899,88.985,False
2026-05-09T07:50:36.237082Z,85.759,88.985,False
2026-05-09T07:50:38.462204Z,87.35,88.985,False
2026-05-09T07:50:40.749611Z,86.687,88.985,False
2026-05-09T07:50:42.756203Z,84.151,88.985,False
2026-05-09T07:50:44.853721Z,87.31,88.985,False
2026-05-09T07:50:46.910432Z,88.284,88.985,False
2026-05-09T07:50:48.959137Z,84.028,88.985,False
2026-05-09T07:50:51.028754Z,85.293,88.974,False
2026-05-09T07:50:53.386775Z,85.511,88.974,False
2026-05-09T07:50:55.426194Z,86.372,88.974,False
2026-05-09T07:50:57.570592Z,87.183,88.974,False
2026-05-09T07:50:59.789824Z,84.557,88.929,False
2026-05-09T07:51:01.827360Z,85.735,88.929,False
2026-05-09T07:51:03.892848Z,85.829,88.929,False
2026-05-09T07:51:05.964884Z,87.363,88.929,False
2026-05-09T07:51:08.232727Z,87.064,88.929,False
2026-05-09T07:51:10.168909Z,69.42,88.929,False
2026-05-09T07:51:12.272811Z,85.829,88.929,False
2026-05-09T07:51:14.378515Z,87.083,88.929,False
2026-05-09T07:51:17.106078Z,87.715,88.901,False
2026-05-09T07:51:19.032345Z,84.944,88.901,False
2026-05-09T07:51:21.067066Z,85.938,88.901,False
2026-05-09T07:51:23.132655Z,86.823,88.901,False
2026-05-09T07:51:25.390083Z,87.938,88.901,False
2026-05-09T07:51:27.515013Z,85.022,88.901,False
2026-05-09T07:51:29.642530Z,86.205,88.901,False
2026-05-09T07:51:31.684405Z,86.354,88.901,False
2026-05-09T07:51:33.754250Z,86.466,88.901,False
2026-05-09T07:51:35.915725Z,85.283,88.901,False
2026-05-09T07:51:37.910718Z,65.555,88.901,False
2026-05-09T07:51:40.016684Z,65.883,88.901,False
2026-05-09T07:51:42.090902Z,87.795,88.901,False
2026-05-09T07:51:44.155680Z,87.137,88.901,False
2026-05-09T07:51:46.649818Z,87.678,88.901,False
2026-05-09T07:51:48.383625Z,88.318,88.901,False
2026-05-09T07:51:50.961525Z,88.846,88.901,False
2026-05-09T07:51:52.599473Z,86.727,88.901,False
2026-05-09T07:51:55.247572Z,87.646,88.901,False
2026-05-09T07:51:57.028029Z,88.382,88.901,False
2026-05-09T07:51:59.115622Z,88.846,88.901,False
2026-05-09T07:52:01.191706Z,87.296,88.901,False
2026-05-09T07:52:03.365090Z,87.742,88.901,False
2026-05-09T07:52:05.432126Z,63.28,88.901,False
2026-05-09T07:52:07.667217Z,64.088,88.901,False
2026-05-09T07:52:09.715336Z,87.296,88.901,False
2026-05-09T07:52:11.915479Z,87.742,88.901,False
2026-05-09T07:52:13.996453Z,88.382,88.901,False
2026-05-09T07:52:16.335675Z,88.879,88.901,False
2026-05-09T07:52:18.394530Z,87.296,88.901,False
2026-05-09T07:52:20.548246Z,87.646,88.901,False
2026-05-09T07:52:22.605160Z,88.382,88.901,False
2026-05-09T07:52:25.245337Z,88.879,88.899,False
2026-05-09T07:52:26.764175Z,87.39,88.899,False
2026-05-09T07:52:28.842098Z,87.837,88.899,False
2026-05-09T07:52:30.904009Z,88.478,88.899,False
2026-05-09T07:52:32.991998Z,68.44,88.899,False
2026-05-09T07:52:35.509112Z,67.844,88.899,False
2026-05-09T07:52:37.359080Z,87.837,88.899,False
2026-05-09T07:52:39.576103Z,88.478,88.899,False
2026-05-09T07:52:41.936393Z,88.975,88.899,True
2026-05-09T07:52:43.887658Z,81.039,88.899,False
2026-05-09T07:52:46.668819Z,85.897,88.899,False
2026-05-09T07:52:48.245002Z,86.023,88.899,False
2026-05-09T07:52:50.390103Z,86.243,88.899,False
2026-05-09T07:52:52.599124Z,88.07,88.899,False
2026-05-09T07:52:54.668813Z,86.9,88.899,False
2026-05-09T07:52:57.120008Z,85.897,88.899,False
2026-05-09T07:52:58.953408Z,85.856,88.899,False
2026-05-09T07:53:01.274272Z,86.075,88.899,False
2026-05-09T07:53:03.256223Z,88.038,88.899,False
2026-05-09T07:53:05.329833Z,86.843,88.899,False
2026-05-09T07:53:07.462417Z,85.705,88.894,False
2026-05-09T07:53:09.514305Z,85.925,88.894,False
2026-05-09T07:53:11.746494Z,86.113,88.894,False
2026-05-09T07:53:14.160623Z,88.044,88.894,False
2026-05-09T07:53:15.957970Z,86.777,88.894,False
2026-05-09T07:53:18.019654Z,69.516,88.894,False
2026-05-09T07:53:20.098383Z,85.683,88.894,False
2026-05-09T07:53:22.194446Z,86.897,88.894,False
2026-05-09T07:53:24.239356Z,87.729,88.88,False
2026-05-09T07:53:26.499119Z,84.955,88.88,False
2026-05-09T07:53:28.523722Z,85.823,88.88,False
2026-05-09T07:53:30.586403Z,86.889,88.88,False
2026-05-09T07:53:32.670308Z,87.698,88.88,False
2026-05-09T07:53:34.734629Z,85.096,88.88,False
2026-05-09T07:53:36.838094Z,85.973,88.88,False
2026-05-09T07:53:39.097050Z,85.896,88.88,False
2026-05-09T07:53:41.031076Z,86.08,88.88,False
2026-05-09T07:53:44.828202Z,84.109,88.88,False
2026-05-09T07:53:46.265599Z,65.088,88.88,False
2026-05-09T07:53:48.161942Z,66.031,88.88,False
2026-05-09T07:53:50.226165Z,87.626,88.88,False
2026-05-09T07:53:52.399523Z,86.887,88.88,False
2026-05-09T07:53:54.529148Z,87.364,88.88,False
2026-05-09T07:53:56.828621Z,88.093,88.88,False
2026-05-09T07:53:58.694805Z,88.674,88.88,False
2026-05-09T07:54:02.058670Z,86.982,88.88,False
2026-05-09T07:54:03.309617Z,87.427,88.88,False
2026-05-09T07:54:05.388165Z,88.157,88.88,False
2026-05-09T07:54:07.448424Z,88.674,88.88,False
2026-05-09T07:54:09.516371Z,86.919,88.88,False
2026-05-09T07:54:11.952853Z,87.364,88.88,False
2026-05-09T07:54:13.697282Z,63.001,88.88,False
2026-05-09T07:54:15.760439Z,63.711,88.88,False
2026-05-09T07:54:20.942030Z,86.705,88.88,False
2026-05-09T07:54:21.672901Z,87.149,88.88,False
2026-05-09T07:54:23.004967Z,87.94,88.88,False
2026-05-09T07:54:24.861170Z,88.564,88.88,False
2026-05-09T07:54:26.994580Z,86.235,88.88,False
2026-05-09T07:54:29.513503Z,87.053,88.88,False
2026-05-09T07:54:41.533880Z,87.973,88.88,False
2026-05-09T07:54:45.212360Z,88.628,88.88,False
2026-05-09T07:54:46.789685Z,86.61,88.88,False
2026-05-09T07:54:49.700846Z,86.882,88.88,False
2026-05-09T07:54:51.226741Z,87.941,88.88,False
2026-05-09T07:54:51.992731Z,67.693,88.879,False
2026-05-09T07:54:52.288361Z,66.987,88.879,False
2026-05-09T07:54:52.639200Z,86.812,88.879,False
2026-05-09T07:54:54.093820Z,87.87,88.879,False
2026-05-09T07:54:54.695784Z,88.418,88.848,False
2026-05-09T07:54:55.118370Z,80.716,88.848,False
2026-05-09T07:54:55.471983Z,85.163,88.848,False
2026-05-09T07:54:57.432954Z,85.381,88.848,False
2026-05-09T07:55:07.146552Z,85.381,88.848,False
2026-05-09T07:55:07.510840Z,87.442,88.848,False
2026-05-09T07:55:07.610942Z,86.111,88.848,False
2026-05-09T07:55:07.736018Z,85.007,88.848,False
2026-05-09T07:55:09.541203Z,85.101,88.848,False
2026-05-09T07:55:12.525232Z,85.319,88.848,False
2026-05-09T07:55:13.691313Z,87.314,88.848,False
2026-05-09T07:55:15.740050Z,86.118,88.848,False
2026-05-09T07:55:17.877165Z,85.045,88.846,False
2026-05-09T07:55:19.964895Z,85.169,88.846,False
2026-05-09T07:55:22.039983Z,85.387,88.846,False
2026-05-09T07:55:24.103073Z,87.448,88.846,False
2026-05-09T07:55:28.682399Z,86.149,88.846,False
2026-05-09T07:55:29.444403Z,69.138,88.846,False
2026-05-09T07:55:30.945201Z,85.053,88.846,False
2026-05-09T07:55:33.008289Z,86.236,88.846,False
2026-05-09T07:55:37.504000Z,87.116,88.683,False
2026-05-09T07:55:38.147838Z,84.116,88.683,False
2026-05-09T07:55:40.984138Z,85.103,88.683,False
2026-05-09T07:55:42.090687Z,86.385,88.683,False
2026-05-09T07:55:44.554883Z,87.243,88.683,False
2026-05-09T07:55:46.527229Z,84.254,88.683,False
2026-05-09T07:55:49.169211Z,85.461,88.683,False
2026-05-09T07:55:50.896855Z,85.471,88.683,False
2026-05-09T07:55:54.102418Z,85.663,88.683,False
2026-05-09T07:55:56.745194Z,83.251,88.683,False
2026-05-09T07:55:57.354536Z,64.446,88.683,False
2026-05-09T07:55:59.488609Z,64.295,88.683,False
2026-05-09T07:56:05.606529Z,87.16,88.683,False
2026-05-09T07:56:06.586613Z,85.421,88.683,False
2026-05-09T07:56:07.717174Z,86.706,88.683,False
2026-05-09T07:56:09.881370Z,87.481,88.683,False
2026-05-09T07:56:11.051540Z,88.278,88.683,False
2026-05-09T07:56:13.115717Z,85.683,88.683,False
2026-05-09T07:56:15.385313Z,86.658,88.683,False
2026-05-09T07:56:17.258668Z,87.545,88.683,False
2026-05-09T07:56:20.747514Z,88.342,88.683,False
2026-05-09T07:56:21.530609Z,85.683,88.683,False
2026-05-09T07:56:23.586869Z,86.658,88.683,False
2026-05-09T07:56:25.699164Z,62.757,88.683,False
2026-05-09T07:56:27.834815Z,63.316,88.683,False
2026-05-09T07:56:29.849923Z,85.714,88.683,False
2026-05-09T07:56:32.163033Z,86.689,88.683,False
2026-05-09T07:56:34.151196Z,87.799,88.683,False
2026-05-09T12:50:23.810736Z,76.944,20.647,True
2026-05-09T12:50:23.990348Z,76.991,20.647,True
2026-05-09T12:50:25.841739Z,82.382,20.647,True
2026-05-09T12:50:27.904831Z,83.255,20.647,True
2026-05-09T12:50:29.973898Z,80.483,20.647,True
2026-05-09T12:50:32.035615Z,69.598,20.647,True
2026-05-09T12:50:34.102373Z,71.18,20.647,True
2026-05-09T12:50:36.167955Z,85.425,20.647,True
2026-05-09T12:50:38.229831Z,82.613,20.647,True
2026-05-09T12:50:40.299300Z,82.472,20.647,True
2026-05-09T12:50:42.363047Z,85.588,20.647,True
2026-05-09T12:50:44.422743Z,85.964,20.647,True
2026-05-09T12:50:46.488772Z,83.202,20.647,True
2026-05-09T12:50:48.551891Z,83.563,20.647,True
2026-05-09T12:50:50.613366Z,86.021,20.647,True
2026-05-09T12:50:52.682730Z,86.783,20.647,True
2026-05-09T12:50:54.750222Z,83.582,20.647,True
2026-05-09T12:50:56.813582Z,84.107,20.647,True
2026-05-09T12:50:58.884455Z,69.862,20.647,True
2026-05-09T12:51:00.949303Z,69.273,20.647,True
2026-05-09T12:51:03.015137Z,84.497,20.647,True
2026-05-09T12:51:05.081791Z,84.991,20.647,True
2026-05-09T12:51:07.152301Z,87.25,20.647,True
2026-05-09T12:51:09.209706Z,88.118,20.647,True
2026-05-09T12:51:11.272144Z,85.05,20.647,True
2026-05-09T12:51:13.331695Z,85.951,20.647,True
2026-05-09T12:51:15.398108Z,87.569,20.647,True
2026-05-09T12:51:17.457569Z,88.425,20.647,True
2026-05-09T12:51:19.518547Z,85.503,20.647,True
2026-05-09T12:51:21.585098Z,86.816,20.647,True
2026-05-09T12:51:23.645069Z,87.672,20.647,True
2026-05-09T12:51:25.711610Z,65.916,20.647,True
2026-05-09T12:51:27.786343Z,62.863,20.647,True
2026-05-09T12:51:29.849471Z,87.822,20.647,True
2026-05-09T12:51:31.909992Z,88.526,20.647,True
2026-05-09T12:51:34.445825Z,89.449,20.647,True
2026-05-09T12:51:36.139231Z,83.513,20.647,True
2026-05-09T12:51:38.199529Z,85.284,20.647,True
2026-05-09T12:51:40.273320Z,86.186,20.647,True
2026-05-09T12:51:42.348719Z,86.281,20.647,True
2026-05-09T12:51:44.412741Z,86.743,20.647,True
2026-05-09T12:51:46.472115Z,87.734,20.647,True
2026-05-09T12:51:48.538694Z,84.701,20.647,True
2026-05-09T12:51:51.704643Z,85.893,20.647,True
2026-05-09T12:51:52.802788Z,86.019,20.647,True
2026-05-09T12:51:54.868103Z,86.574,20.647,True
2026-05-09T12:51:56.937547Z,87.66,20.647,True
2026-05-09T12:51:59.003902Z,84.604,20.647,True
2026-05-09T12:52:01.072900Z,86.364,20.647,True
2026-05-09T12:52:03.395508Z,86.49,20.647,True
2026-05-09T12:52:08.546780Z,87.016,20.647,True
2026-05-09T12:52:10.523326Z,88.393,20.647,True
2026-05-09T12:52:11.691452Z,69.335,20.647,True
2026-05-09T12:52:12.635872Z,86.206,20.647,True
2026-05-09T12:52:14.629576Z,87.876,20.647,True
2026-05-09T12:52:22.590776Z,88.934,20.647,True
2026-05-09T12:52:28.373698Z,85.379,20.647,True
2026-05-09T12:52:29.649346Z,85.944,20.647,True
2026-05-09T12:52:30.388368Z,88.06,20.647,True
2026-05-09T12:52:30.813629Z,89.332,88.546,True
2026-05-09T12:52:31.097889Z,86.195,88.526,False
2026-05-09T12:52:32.303448Z,85.582,88.521,False
2026-05-09T12:52:34.428118Z,87.69,88.516,False
2026-05-09T12:52:37.849402Z,88.318,88.511,False
2026-05-09T12:52:38.658304Z,84.706,88.506,False
2026-05-09T12:52:40.730565Z,64.976,88.501,False
2026-05-09T12:52:42.795646Z,65.972,88.496,False
2026-05-09T12:52:44.859626Z,88.282,88.491,False
2026-05-09T12:52:46.919369Z,86.362,88.486,False
2026-05-09T12:52:48.996785Z,86.99,88.481,False
2026-05-09T12:52:51.062896Z,89.245,88.73,True
2026-05-09T12:52:53.124120Z,89.701,89.074,True
2026-05-09T12:52:55.186483Z,87.625,89.058,False
2026-05-09T12:52:57.248347Z,87.165,89.043,False
2026-05-09T12:52:59.319406Z,88.735,89.027,False
2026-05-09T12:53:01.383744Z,89.286,89.256,True
2026-05-09T12:53:03.454156Z,87.081,89.253,False
2026-05-09T12:53:05.515062Z,86.933,89.251,False
2026-05-09T12:53:07.577422Z,63.286,89.249,False
2026-05-09T12:53:09.642797Z,64.781,89.247,False
2026-05-09T12:53:11.704140Z,87.081,89.245,False
2026-05-09T12:53:13.766810Z,86.933,89.23,False
2026-05-09T12:53:15.849391Z,88.578,89.214,False
2026-05-09T12:53:17.946979Z,89.221,89.242,False
2026-05-09T12:53:20.006416Z,86.848,89.24,False
2026-05-09T12:53:22.064978Z,86.614,89.239,False
2026-05-09T12:53:24.125912Z,88.799,89.238,False
2026-05-09T12:53:26.189856Z,89.221,89.237,False
2026-05-09T12:53:28.251343Z,86.88,89.236,False
2026-05-09T12:53:30.310509Z,86.614,89.234,False
2026-05-09T12:53:32.371561Z,88.514,89.233,False
2026-05-09T12:53:34.432513Z,67.819,89.232,False
2026-05-09T12:53:36.499694Z,65.031,89.231,False
2026-05-09T12:53:38.556969Z,86.42,89.229,False
2026-05-09T12:53:40.618335Z,88.316,89.228,False
2026-05-09T12:53:42.687341Z,89.156,89.227,False
2026-05-09T12:53:44.765742Z,81.661,89.226,False
2026-05-09T12:53:46.825512Z,84.482,89.225,False
2026-05-09T12:53:48.894045Z,85.596,89.223,False
2026-05-09T12:53:50.967748Z,85.721,89.222,False
2026-05-09T12:53:53.039679Z,86.302,89.221,False
2026-05-09T12:53:55.093462Z,87.707,89.221,False
2026-05-09T12:53:57.162417Z,84.028,89.221,False
2026-05-09T12:53:59.230956Z,85.347,89.221,False
2026-05-09T12:54:01.293897Z,85.628,89.221,False
2026-05-09T12:54:03.769829Z,86.329,89.221,False
2026-05-09T12:54:07.869002Z,87.675,89.221,False
2026-05-09T12:54:11.533904Z,84.096,89.221,False
2026-05-09T12:54:14.783575Z,85.353,89.221,False
2026-05-09T12:54:15.638857Z,85.665,89.221,False
2026-05-09T12:54:16.573992Z,86.462,89.221,False
2026-05-09T12:54:17.572134Z,87.771,89.221,False
2026-05-09T12:54:19.459099Z,68.379,89.221,False
2026-05-09T12:54:21.507065Z,85.26,89.221,False
2026-05-09T12:54:23.567154Z,87.258,89.221,False
2026-05-09T12:54:25.632772Z,88.308,89.221,False
2026-05-09T12:54:27.733010Z,85.417,89.221,False
2026-05-09T12:54:29.777205Z,84.813,89.221,False
2026-05-09T12:54:32.012175Z,87.6,89.221,False
2026-05-09T12:54:33.910273Z,88.704,89.221,False
2026-05-09T12:54:35.976718Z,85.427,89.221,False
2026-05-09T12:54:38.046715Z,84.977,89.218,False
2026-05-09T12:54:40.294616Z,87.095,89.214,False
2026-05-09T12:54:42.288426Z,87.735,89.211,False
2026-05-09T12:54:44.362139Z,83.819,89.208,False
2026-05-09T12:54:46.437836Z,63.439,89.205,False
2026-05-09T12:54:48.503031Z,65.058,89.201,False
2026-05-09T12:54:50.575060Z,87.249,89.198,False
2026-05-09T12:54:52.665400Z,85.215,89.195,False
2026-05-09T12:54:54.721336Z,85.455,89.192,False
2026-05-09T12:54:56.792300Z,88.324,89.188,False
2026-05-09T12:54:58.854958Z,88.91,89.185,False
2026-05-09T12:55:00.914131Z,86.357,89.182,False
2026-05-09T12:55:02.982140Z,85.829,89.179,False
2026-05-09T12:55:05.048114Z,88.259,89.175,False
2026-05-09T12:55:07.103611Z,88.942,89.172,False
2026-05-09T12:55:09.159613Z,86.357,89.169,False
2026-05-09T12:55:11.235376Z,85.829,89.166,False
2026-05-09T12:55:13.303821Z,63.523,89.162,False
2026-05-09T12:55:15.361653Z,64.485,89.159,False
2026-05-09T12:55:17.428599Z,86.494,89.156,False
2026-05-09T12:55:19.493620Z,85.829,89.145,False
2026-05-09T12:55:21.569823Z,88.388,89.135,False
2026-05-09T12:55:23.629118Z,88.942,89.124,False
2026-05-09T12:55:25.695188Z,86.389,89.113,False
2026-05-09T12:55:27.756006Z,85.829,89.102,False
2026-05-09T12:55:29.817766Z,88.259,89.092,False
2026-05-09T12:55:31.887564Z,88.942,89.081,False
2026-05-09T12:55:33.939963Z,86.494,89.07,False
2026-05-09T12:55:36.004410Z,85.829,89.06,False
2026-05-09T12:55:38.073370Z,88.388,89.049,False
2026-05-09T12:55:40.134122Z,68.036,89.038,False
2026-05-09T12:55:42.199807Z,65.285,89.028,False
2026-05-09T12:55:44.261336Z,85.86,89.017,False
2026-05-09T12:55:46.335246Z,88.259,89.006,False
2026-05-09T12:55:48.400723Z,88.942,88.995,False
2026-05-09T12:55:50.476154Z,79.986,88.985,False
2026-05-09T12:55:52.574192Z,84.034,88.974,False
2026-05-09T12:55:54.621692Z,85.236,88.963,False
2026-05-09T12:55:56.682825Z,85.234,88.953,False
2026-05-09T12:55:58.747068Z,85.827,88.942,False
2026-05-09T12:56:00.811098Z,86.808,88.942,False
2026-05-09T12:56:02.873088Z,83.519,88.942,False
2026-05-09T12:56:04.934990Z,84.862,88.942,False
2026-05-09T12:56:06.995039Z,85.048,88.942,False
2026-05-09T12:56:09.067046Z,85.827,88.942,False
2026-05-09T12:56:11.127032Z,87.192,88.942,False
2026-05-09T12:56:13.185244Z,83.556,88.942,False
2026-05-09T12:56:15.253053Z,84.775,88.942,False
2026-05-09T12:56:18.081867Z,85.116,88.942,False
2026-05-09T12:56:19.438495Z,85.985,88.942,False
2026-05-09T12:56:21.500784Z,87.256,88.942,False
2026-05-09T12:56:23.563719Z,67.054,88.942,False
2026-05-09T12:56:25.654062Z,84.775,88.942,False
2026-05-09T12:56:27.730550Z,86.745,88.942,False
2026-05-09T12:56:29.794064Z,87.79,88.942,False
2026-05-09T12:56:31.861367Z,84.347,88.942,False
2026-05-09T12:56:33.922879Z,84.064,88.942,False
2026-05-09T12:56:35.989158Z,86.322,88.942,False
2026-05-09T12:56:38.055721Z,87.315,88.942,False
2026-05-09T12:56:40.118343Z,83.828,88.942,False
2026-05-09T12:56:42.187752Z,85.461,88.942,False
2026-05-09T12:56:44.251211Z,86.865,88.942,False
2026-05-09T12:56:46.322683Z,86.707,88.942,False
2026-05-09T12:56:48.392843Z,85.189,88.942,False
2026-05-09T12:56:50.448196Z,63.737,88.942,False
2026-05-09T12:56:52.513687Z,63.816,88.942,False
2026-05-09T12:56:54.573448Z,88.671,88.942,False
2026-05-09T12:56:56.632900Z,86.394,88.942,False
2026-05-09T12:56:58.867910Z,85.093,88.942,False
2026-05-09T12:57:00.923487Z,88.055,88.942,False
2026-05-09T12:57:02.987096Z,88.607,88.942,False
2026-05-09T12:57:05.047376Z,86.16,88.942,False
2026-05-09T12:57:07.116586Z,85.752,88.942,False
2026-05-09T12:57:09.186354Z,87.698,88.942,False
2026-05-09T12:57:11.251754Z,88.607,88.942,False
2026-05-09T12:57:13.315981Z,85.402,88.942,False
2026-05-09T12:57:15.379600Z,86.409,88.942,False
2026-05-09T12:57:17.437646Z,62.248,88.942,False
2026-05-09T12:57:19.502609Z,63.603,88.942,False
2026-05-09T12:57:21.560601Z,85.237,88.942,False
2026-05-09T12:57:23.625795Z,86.409,88.942,False
2026-05-09T12:57:25.693748Z,87.095,88.942,False
2026-05-09T12:57:27.751012Z,88.184,88.942,False
2026-05-09T12:57:29.811937Z,85.131,88.942,False
2026-05-09T12:57:31.882765Z,86.493,88.942,False
2026-05-09T12:57:33.988922Z,87.026,88.942,False
2026-05-09T12:57:36.029976Z,88.248,88.942,False
2026-05-09T12:57:38.097421Z,85.124,88.942,False
2026-05-09T12:57:40.162658Z,86.366,88.942,False
2026-05-09T12:57:42.225627Z,87.328,88.942,False
2026-05-09T12:57:44.284908Z,67.066,88.942,False
2026-05-09T12:57:46.351968Z,64.379,88.942,False
2026-05-09T12:57:48.417797Z,86.366,88.942,False
2026-05-09T12:57:50.476399Z,87.328,88.942,False
2026-05-09T12:57:52.527352Z,88.216,88.942,False
2026-05-09T12:57:54.587189Z,78.829,88.942,False
2026-05-09T12:57:56.650181Z,85.048,88.942,False
2026-05-09T12:57:58.717307Z,85.234,88.942,False
2026-05-09T12:58:00.773897Z,85.266,88.942,False
2026-05-09T12:58:02.833418Z,86.044,88.942,False
2026-05-09T12:58:04.893350Z,86.643,88.942,False
2026-05-09T12:58:06.959103Z,83.818,88.942,False
2026-05-09T12:58:09.023035Z,85.079,88.942,False
2026-05-09T12:58:11.085186Z,85.172,88.942,False
2026-05-09T12:58:13.144041Z,86.107,88.942,False
2026-05-09T12:58:15.202367Z,86.713,88.942,False
2026-05-09T12:58:17.262694Z,83.977,88.942,False
2026-05-09T12:58:19.327166Z,85.147,88.942,False
2026-05-09T12:58:21.388773Z,85.272,88.942,False
2026-05-09T12:58:23.451721Z,86.113,88.942,False
2026-05-09T12:58:25.506240Z,86.777,88.942,False
2026-05-09T12:58:27.569081Z,67.706,88.942,False
2026-05-09T12:58:29.631141Z,85.147,88.942,False
2026-05-09T12:58:31.701448Z,85.864,88.942,False
2026-05-09T12:58:33.762176Z,87.566,88.942,False
2026-05-09T12:58:35.822733Z,83.846,88.942,False
2026-05-09T12:58:37.888667Z,85.412,88.942,False
2026-05-09T12:58:39.953079Z,86.202,88.942,False
2026-05-09T12:58:42.012339Z,87.156,88.942,False
2026-05-09T12:58:44.079809Z,83.408,88.942,False
2026-05-09T12:58:46.139371Z,84.389,88.942,False
2026-05-09T12:58:48.208245Z,85.105,88.942,False
2026-05-09T12:58:50.281307Z,85.997,88.942,False
2026-05-09T12:58:52.366545Z,82.986,88.942,False
2026-05-09T12:58:54.513526Z,63.453,88.942,False
2026-05-09T12:58:57.923544Z,64.059,88.942,False
2026-05-09T12:58:59.497185Z,88.017,88.942,False
2026-05-09T12:59:02.531103Z,85.001,88.942,False
2026-05-09T12:59:11.581221Z,86.643,88.942,False
2026-05-09T12:59:12.973998Z,87.246,88.942,False
2026-05-09T12:59:13.421870Z,88.401,88.942,False
2026-05-09T12:59:14.804720Z,85.366,88.942,False
2026-05-09T12:59:15.473995Z,86.801,88.942,False
2026-05-09T12:59:17.545954Z,87.246,88.942,False
2026-05-09T12:59:19.606457Z,88.433,88.942,False
2026-05-09T12:59:21.672683Z,85.335,88.942,False
2026-05-09T12:59:23.781172Z,86.801,88.942,False
2026-05-09T12:59:25.856438Z,62.123,88.942,False
2026-05-09T12:59:27.898241Z,63.571,88.911,False
2026-05-09T12:59:32.417837Z,85.335,88.911,False
2026-05-09T12:59:33.258658Z,86.801,88.911,False
2026-05-09T12:59:34.107801Z,87.186,88.911,False
2026-05-09T12:59:36.291351Z,88.433,88.911,False
2026-05-09T12:59:38.278997Z,85.639,88.911,False
2026-05-09T12:59:40.339054Z,86.801,88.911,False
2026-05-09T12:59:42.408416Z,87.095,88.911,False
2026-05-09T12:59:44.492541Z,88.272,88.911,False
2026-05-09T12:59:47.229749Z,85.858,88.911,False
2026-05-09T12:59:49.599868Z,86.801,88.911,False
2026-05-09T12:59:50.982018Z,87.191,88.805,False
2026-05-09T12:59:53.066218Z,67.153,88.738,False
2026-05-09T12:59:55.211988Z,64.988,88.738,False
2026-05-09T12:59:57.177218Z,86.801,88.738,False
2026-05-09T12:59:59.237754Z,87.095,88.709,False
2026-05-09T13:00:01.308508Z,88.433,88.672,False
2026-05-09T13:00:04.584413Z,79.346,88.672,False
2026-05-09T13:00:05.532921Z,85.414,88.672,False
2026-05-09T13:00:07.587038Z,85.642,88.672,False
2026-05-09T13:00:10.242182Z,85.893,88.672,False
2026-05-09T13:00:11.993218Z,87.366,88.672,False
2026-05-09T13:00:22.422286Z,86.332,88.672,False
2026-05-09T13:00:24.003545Z,84.959,88.672,False
2026-05-09T13:00:24.427975Z,85.486,88.61,False
2026-05-09T13:00:24.741657Z,85.58,88.61,False
2026-05-09T13:00:25.799396Z,86.389,88.61,False
2026-05-09T13:00:32.948183Z,86.537,88.607,False
2026-05-09T13:00:34.481327Z,85.181,88.518,False
2026-05-09T13:00:36.935781Z,85.524,88.518,False
2026-05-09T13:00:37.856499Z,85.649,88.518,False
2026-05-09T13:00:38.496927Z,86.42,88.442,False
2026-05-09T13:00:40.365163Z,86.758,88.442,False
2026-05-09T13:00:42.429770Z,67.84,88.442,False
2026-05-09T13:00:44.567485Z,85.524,88.442,False
2026-05-09T13:00:46.681692Z,86.108,88.442,False
2026-05-09T13:00:52.866382Z,87.364,88.433,False
2026-05-09T13:01:04.956648Z,84.704,88.433,False
2026-05-09T13:01:05.343235Z,85.883,88.433,False
2026-05-09T13:01:08.707007Z,86.32,88.433,False
2026-05-09T13:01:13.213123Z,87.49,88.433,False
2026-05-09T13:01:13.598627Z,84.533,88.433,False
2026-05-09T13:01:13.837977Z,85.36,88.433,False
2026-05-09T13:01:14.309392Z,85.586,88.433,False
2026-05-09T13:01:14.761790Z,85.748,88.433,False
2026-05-09T13:01:15.866606Z,83.138,88.433,False
2026-05-09T13:01:19.167646Z,63.406,88.433,False
2026-05-09T13:01:19.545786Z,63.433,88.433,False
2026-05-09T13:01:20.693048Z,87.124,88.433,False
2026-05-09T13:01:21.688029Z,85.62,88.433,False
2026-05-09T13:01:23.803205Z,86.811,88.433,False
2026-05-09T16:43:45.073514Z,100.0,50.0,True
2026-05-09T16:43:45.174647Z,100.0,50.0,True
2026-05-09T16:43:45.242695Z,100.0,50.0,True
2026-05-09T16:43:45.354921Z,100.0,50.0,True
2026-05-09T16:43:45.426811Z,100.0,50.0,True
2026-05-09T16:43:47.460471Z,100.0,50.0,True
2026-05-09T16:43:49.522320Z,100.0,50.0,True
2026-05-09T16:43:51.576816Z,100.0,50.0,True
2026-05-09T16:43:53.641383Z,100.0,50.0,True
2026-05-09T16:43:55.710580Z,100.0,50.0,True
2026-05-09T16:43:57.771973Z,100.0,50.0,True
2026-05-09T16:43:59.833635Z,100.0,50.0,True
2026-05-09T16:44:01.908343Z,100.0,50.0,True
2026-05-09T16:44:03.967617Z,100.0,50.0,True
2026-05-09T16:44:06.046970Z,100.0,50.0,True
2026-05-09T16:44:08.111551Z,100.0,50.0,True
2026-05-09T16:44:10.189818Z,100.0,50.0,True
2026-05-09T16:44:12.242237Z,100.0,50.0,True
2026-05-09T16:44:14.310990Z,100.0,50.0,True
2026-05-09T16:44:16.413209Z,100.0,50.0,True
2026-05-09T16:44:18.471864Z,100.0,50.0,True
2026-05-09T16:44:20.527664Z,100.0,50.0,True
2026-05-09T16:44:22.619062Z,100.0,50.0,True
2026-05-09T16:44:24.677614Z,100.0,50.0,True
2026-05-09T16:44:26.749583Z,100.0,50.0,True
2026-05-09T16:44:30.213683Z,100.0,50.0,True
2026-05-09T16:44:31.723416Z,100.0,50.0,True
2026-05-09T16:44:32.945366Z,100.0,50.0,True
2026-05-09T16:44:35.146755Z,100.0,50.0,True
2026-05-09T16:44:38.903070Z,100.0,50.0,True
2026-05-09T16:44:39.236333Z,100.0,50.0,True
2026-05-09T16:44:41.228059Z,100.0,50.0,True
2026-05-09T16:44:43.315266Z,100.0,50.0,True
2026-05-09T16:44:45.370089Z,100.0,50.0,True
2026-05-09T16:44:48.191144Z,100.0,50.0,True
2026-05-09T16:44:49.819232Z,100.0,50.0,True
2026-05-09T16:44:52.454612Z,100.0,50.0,True
2026-05-09T16:44:54.778597Z,100.0,50.0,True
2026-05-09T16:44:56.573177Z,100.0,50.0,True
2026-05-09T16:45:09.087244Z,100.0,50.0,True
2026-05-09T16:45:09.664008Z,100.0,50.0,True
2026-05-09T16:45:10.777849Z,100.0,50.0,True
2026-05-09T16:45:11.919238Z,100.0,50.0,True
2026-05-09T16:45:12.137743Z,100.0,50.0,True
2026-05-09T16:45:13.239823Z,100.0,50.0,True
2026-05-12T07:51:23.819425Z,100.0,50.0,True
2026-05-12T07:51:23.937706Z,100.0,50.0,True
2026-05-12T07:51:24.298250Z,100.0,50.0,True
2026-05-12T07:51:26.357948Z,100.0,50.0,True
2026-05-12T07:51:28.422787Z,100.0,50.0,True
2026-05-12T07:51:30.479093Z,100.0,50.0,True
2026-05-12T07:51:32.538757Z,100.0,50.0,True
2026-05-12T07:51:34.602285Z,100.0,50.0,True
2026-05-12T07:51:36.663737Z,100.0,50.0,True
2026-05-12T07:51:38.725816Z,100.0,50.0,True
2026-05-12T07:51:40.786173Z,100.0,50.0,True
2026-05-12T07:51:42.843293Z,100.0,50.0,True
2026-05-12T07:51:44.905895Z,100.0,50.0,True
2026-05-12T07:51:46.967753Z,100.0,50.0,True
2026-05-12T07:51:49.031706Z,100.0,50.0,True
2026-05-12T07:51:51.088342Z,100.0,50.0,True
2026-05-12T07:51:53.140955Z,100.0,50.0,True
2026-05-12T07:51:55.205857Z,100.0,50.0,True
2026-05-12T07:51:57.268257Z,100.0,50.0,True
2026-05-12T07:51:59.325270Z,100.0,50.0,True
2026-05-12T07:52:01.380667Z,100.0,50.0,True
2026-05-12T07:52:03.441972Z,100.0,50.0,True
2026-05-12T07:52:05.504347Z,100.0,50.0,True
2026-05-12T07:52:07.565125Z,100.0,50.0,True
2026-05-12T07:52:09.626021Z,100.0,50.0,True
2026-05-12T07:52:11.684765Z,100.0,50.0,True
2026-05-12T07:52:13.748486Z,100.0,50.0,True
2026-05-12T07:52:15.807909Z,100.0,50.0,True
2026-05-12T07:52:17.872156Z,100.0,50.0,True
2026-05-12T07:52:19.938406Z,100.0,50.0,True
2026-05-12T07:52:21.998182Z,100.0,50.0,True
2026-05-12T07:52:24.055414Z,100.0,50.0,True
2026-05-12T07:52:26.110618Z,100.0,50.0,True
2026-05-12T07:52:28.175346Z,100.0,50.0,True
2026-05-12T07:52:30.242767Z,100.0,50.0,True
2026-05-12T07:52:32.308608Z,100.0,50.0,True
2026-05-12T07:52:34.374678Z,100.0,50.0,True
2026-05-12T07:52:36.437127Z,100.0,50.0,True
2026-05-12T07:52:38.496428Z,100.0,50.0,True
2026-05-12T07:52:40.552163Z,100.0,50.0,True
2026-05-12T07:52:42.616180Z,100.0,50.0,True
2026-05-12T07:52:44.677492Z,100.0,50.0,True
2026-05-12T07:52:46.744703Z,100.0,50.0,True
2026-05-12T07:52:48.803755Z,100.0,50.0,True
2026-05-12T07:52:50.869154Z,100.0,50.0,True
2026-05-12T07:52:52.932523Z,100.0,50.0,True
2026-05-12T07:52:54.995285Z,100.0,50.0,True
2026-05-12T07:52:57.056047Z,100.0,50.0,True
2026-05-12T07:52:59.122422Z,100.0,50.0,True
2026-05-12T07:53:01.185616Z,100.0,50.0,True
2026-05-12T07:53:03.249909Z,100.0,50.0,True
2026-05-12T07:53:05.314646Z,100.0,50.0,True
2026-05-12T07:53:07.376696Z,100.0,50.0,True
2026-05-12T07:53:09.449545Z,100.0,50.0,True
2026-05-12T07:53:11.554690Z,100.0,50.0,True
2026-05-12T07:53:13.604926Z,100.0,50.0,True
2026-05-12T07:53:15.664831Z,100.0,50.0,True
2026-05-12T07:53:17.727473Z,100.0,50.0,True
2026-05-12T07:53:19.791559Z,100.0,50.0,True
2026-05-12T07:53:21.855056Z,100.0,100.0,True
2026-05-12T07:53:23.917032Z,100.0,100.0,True
2026-05-12T07:53:25.979678Z,100.0,100.0,True
2026-05-12T07:53:28.039726Z,100.0,100.0,True
2026-05-12T07:53:30.105904Z,100.0,100.0,True
2026-05-12T07:53:32.169745Z,100.0,100.0,True
2026-05-12T07:53:34.228876Z,100.0,100.0,True
2026-05-12T07:53:36.293414Z,100.0,100.0,True
2026-05-12T07:53:38.365283Z,100.0,100.0,True
2026-05-12T07:53:40.424575Z,100.0,100.0,True
2026-05-12T07:53:42.489808Z,100.0,100.0,True
2026-05-12T07:53:44.556691Z,100.0,100.0,True
2026-05-12T07:53:46.615278Z,100.0,100.0,True
2026-05-12T07:53:48.678786Z,100.0,100.0,True
2026-05-12T07:53:50.744842Z,100.0,100.0,True
2026-05-12T07:53:52.807984Z,100.0,100.0,True
2026-05-12T07:53:54.870500Z,100.0,100.0,True
2026-05-12T07:53:56.930341Z,100.0,100.0,True
2026-05-12T07:53:58.992995Z,100.0,100.0,True
2026-05-12T07:54:01.060315Z,100.0,100.0,True
2026-05-12T07:54:03.128793Z,100.0,100.0,True
2026-05-12T07:54:05.187367Z,100.0,100.0,True
2026-05-12T07:54:07.244675Z,100.0,100.0,True
2026-05-12T07:54:09.314470Z,100.0,100.0,True
2026-05-12T07:54:11.366410Z,100.0,100.0,True
2026-05-12T07:54:13.432211Z,100.0,100.0,True
2026-05-12T07:54:15.490746Z,100.0,100.0,True
2026-05-12T07:54:17.549763Z,100.0,100.0,True
2026-05-12T07:54:19.614626Z,100.0,100.0,True
2026-05-12T07:54:21.676163Z,100.0,100.0,True
2026-05-12T07:54:23.737585Z,100.0,100.0,True
2026-05-12T07:54:25.802792Z,100.0,100.0,True
2026-05-12T07:54:27.867056Z,100.0,100.0,True
2026-05-12T07:54:29.933386Z,100.0,100.0,True
2026-05-12T07:54:32.000013Z,100.0,100.0,True
2026-05-12T07:54:34.063409Z,100.0,100.0,True
2026-05-12T07:54:36.128524Z,100.0,100.0,True
2026-05-12T07:54:38.186631Z,100.0,100.0,True
2026-05-12T07:54:40.253635Z,100.0,100.0,True
2026-05-12T07:54:42.311560Z,100.0,100.0,True
2026-05-12T07:54:44.371950Z,100.0,100.0,True
2026-05-12T07:54:46.435453Z,100.0,100.0,True
2026-05-12T07:54:48.499545Z,100.0,100.0,True
2026-05-12T07:54:50.582449Z,100.0,100.0,True
2026-05-12T07:54:52.649810Z,100.0,100.0,True
2026-05-12T07:54:54.702754Z,100.0,100.0,True
2026-05-12T07:54:56.758890Z,100.0,100.0,True
2026-05-12T07:54:58.831962Z,100.0,100.0,True
2026-05-12T07:55:00.894958Z,100.0,100.0,True
2026-05-12T07:55:02.964163Z,100.0,100.0,True
2026-05-12T07:55:05.022895Z,100.0,100.0,True
2026-05-12T07:55:07.081028Z,100.0,100.0,True
2026-05-12T07:55:09.145067Z,100.0,100.0,True
2026-05-12T07:55:11.206800Z,100.0,100.0,True
2026-05-12T07:55:13.269293Z,100.0,100.0,True
2026-05-12T07:55:15.331868Z,100.0,100.0,True
2026-05-12T07:55:17.395769Z,100.0,100.0,True
2026-05-12T07:55:19.460604Z,100.0,100.0,True
2026-05-12T07:55:21.522421Z,100.0,100.0,True
2026-05-12T07:55:23.583005Z,100.0,100.0,True
2026-05-12T07:55:25.650778Z,100.0,100.0,True
2026-05-12T07:55:27.716521Z,100.0,100.0,True
2026-05-12T07:55:29.779618Z,100.0,100.0,True
2026-05-12T07:55:31.842789Z,100.0,100.0,True
2026-05-12T07:55:33.911623Z,100.0,100.0,True
2026-05-12T07:55:35.974856Z,100.0,100.0,True
2026-05-12T07:55:38.034138Z,100.0,100.0,True
2026-05-12T07:55:40.098767Z,100.0,100.0,True
2026-05-12T07:55:42.159569Z,100.0,100.0,True
2026-05-12T07:55:44.221796Z,100.0,100.0,True
2026-05-12T07:55:46.283353Z,100.0,100.0,True
2026-05-12T07:55:48.348515Z,100.0,100.0,True
2026-05-12T07:55:50.413694Z,100.0,100.0,True
2026-05-12T07:55:52.476268Z,100.0,100.0,True
2026-05-12T07:55:54.540773Z,100.0,100.0,True
2026-05-12T07:55:56.604362Z,100.0,100.0,True
2026-05-12T07:55:58.666480Z,100.0,100.0,True
2026-05-12T07:56:00.732800Z,100.0,100.0,True
2026-05-12T07:56:02.800442Z,100.0,100.0,True
2026-05-12T07:56:04.859983Z,100.0,100.0,True
2026-05-12T07:56:06.924817Z,100.0,100.0,True
2026-05-12T07:56:08.990483Z,100.0,100.0,True
2026-05-12T07:56:11.042613Z,100.0,100.0,True
2026-05-12T07:56:13.111361Z,100.0,100.0,True
2026-05-12T07:56:15.171608Z,100.0,100.0,True
2026-05-12T07:56:17.229310Z,100.0,100.0,True
2026-05-12T07:56:19.285335Z,100.0,100.0,True
2026-05-12T07:56:21.348241Z,100.0,100.0,True
2026-05-12T07:56:23.414119Z,100.0,100.0,True
2026-05-12T10:40:04.143364Z,100.0,50.0,True
2026-05-12T10:40:04.172234Z,100.0,50.0,True
2026-05-12T10:40:05.244037Z,100.0,50.0,True
2026-05-12T10:40:07.308465Z,100.0,50.0,True
2026-05-12T10:40:09.376783Z,100.0,50.0,True
2026-05-12T10:40:11.434956Z,100.0,50.0,True
2026-05-12T10:40:13.503698Z,100.0,50.0,True
2026-05-12T10:40:15.569357Z,100.0,50.0,True
2026-05-12T10:40:17.632802Z,100.0,50.0,True
2026-05-12T10:40:19.693295Z,100.0,50.0,True
2026-05-12T10:40:21.759483Z,100.0,50.0,True
2026-05-12T10:40:23.823063Z,100.0,50.0,True
2026-05-12T10:40:25.882386Z,100.0,50.0,True
2026-05-12T10:40:27.949861Z,100.0,50.0,True
2026-05-12T10:40:30.009687Z,100.0,50.0,True
2026-05-12T10:40:32.076464Z,100.0,50.0,True
2026-05-12T10:40:34.166424Z,100.0,50.0,True
2026-05-12T10:40:36.226604Z,100.0,50.0,True
2026-05-12T10:40:38.288461Z,100.0,50.0,True
2026-05-12T10:40:40.346641Z,100.0,50.0,True
2026-05-12T10:40:42.414899Z,100.0,50.0,True
2026-05-12T10:40:44.476269Z,100.0,50.0,True
2026-05-12T10:40:46.536887Z,100.0,50.0,True
2026-05-12T10:40:48.596614Z,100.0,50.0,True
2026-05-12T10:40:50.692462Z,100.0,50.0,True
2026-05-12T10:40:52.748560Z,100.0,50.0,True
2026-05-12T10:40:54.813849Z,100.0,50.0,True
2026-05-12T10:40:56.876869Z,100.0,50.0,True
2026-05-12T10:40:58.937026Z,100.0,50.0,True
2026-05-12T10:41:00.998253Z,100.0,50.0,True
2026-05-12T10:41:03.055604Z,100.0,50.0,True
2026-05-12T10:41:05.118923Z,100.0,50.0,True
2026-05-12T10:41:07.179981Z,100.0,50.0,True
2026-05-12T10:41:09.241169Z,100.0,50.0,True
2026-05-12T10:41:11.301280Z,100.0,50.0,True
2026-05-12T10:41:13.363890Z,100.0,50.0,True
2026-05-12T10:41:15.426484Z,100.0,50.0,True
2026-05-12T10:41:17.488204Z,100.0,50.0,True
2026-05-12T10:41:19.548408Z,100.0,50.0,True
2026-05-12T10:41:21.607368Z,100.0,50.0,True
